,name,coordinate_x,coordinate_y,age,horns_length,height,weight,fur_color,fate
0,Kenny_0,18.0,76.0,7.0,32.0,148.0,258.0,Dark Brown,Survived
1,Kenny_1,20.0,2.0,8.0,28.0,128.0,246.0,Light Brown,Died
2,Kenny_2,41.0,47.0,2.0,36.0,187.0,277.0,Light Brown,Survived
3,Kenny_3,43.0,9.0,7.0,13.0,159.0,230.0,Dark Brown,Died
4,Kenny_4,44.0,0.0,5.0,18.0,138.0,196.0,Dark Brown,Died
5,Kenny_5,53.0,5.0,1.0,34.0,184.0,221.0,Light Brown,Survived
6,Kenny_6,53.0,95.0,5.0,38.0,187.0,257.0,Dark Brown,Died
7,Kenny_7,0.0,25.0,3.0,21.0,125.0,188.0,Dark Brown,Died
8,Kenny_8,78.0,71.0,2.0,23.0,124.0,291.0,Dark Brown,Died
9,Kenny_9,21.0,69.0,8.0,24.0,154.0,241.0,Light Brown,Survived
10,Kenny_10,94.0,6.0,2.0,11.0,185.0,181.0,Dark Brown,Died
11,Kenny_11,39.0,15.0,1.0,23.0,182.0,176.0,Light Brown,Died
12,Kenny_12,12.0,34.0,8.0,22.0,142.0,293.0,Light Brown,Survived
13,Kenny_13,29.0,20.0,5.0,15.0,180.0,219.0,Light Brown,Survived
14,Kenny_14,14.0,23.0,3.0,11.0,180.0,191.0,Light Brown,Survived
15,Kenny_15,50.0,10.0,2.0,33.0,133.0,288.0,Dark Brown,Survived
16,Kenny_16,4.0,59.0,6.0,39.0,172.0,275.0,Light Brown,Survived
17,Kenny_17,93.0,86.0,9.0,13.0,138.0,236.0,Dark Brown,Died
18,Kenny_18,99.0,66.0,2.0,16.0,147.0,249.0,Light Brown,Died
19,Kenny_19,94.0,10.0,4.0,37.0,185.0,239.0,Light Brown,Survived
20,Kenny_20,80.0,53.0,1.0,10.0,148.0,219.0,Dark Brown,Survived
21,Kenny_21,91.0,58.0,6.0,13.0,146.0,266.0,Dark Brown,Died
22,Kenny_22,29.0,17.0,9.0,17.0,135.0,296.0,Dark Brown,Died
23,Kenny_23,51.0,84.0,5.0,33.0,183.0,228.0,Light Brown,Died
24,Kenny_24,89.0,70.0,1.0,30.0,127.0,232.0,Dark Brown,Died
25,Kenny_25,48.0,63.0,1.0,33.0,142.0,182.0,Dark Brown,Survived
26,Kenny_26,6.0,29.0,6.0,14.0,174.0,252.0,Light Brown,Died
27,Kenny_27,63.0,96.0,7.0,13.0,138.0,282.0,Dark Brown,Died
28,Kenny_28,12.0,60.0,7.0,36.0,182.0,296.0,Light Brown,Survived
29,Kenny_29,73.0,47.0,5.0,36.0,137.0,294.0,Light Brown,Died
30,Kenny_30,81.0,55.0,9.0,34.0,123.0,243.0,Dark Brown,Died
31,Kenny_31,58.0,92.0,8.0,37.0,168.0,225.0,Dark Brown,Died
32,Kenny_32,42.0,33.0,7.0,25.0,152.0,238.0,Dark Brown,Died
33,Kenny_33,74.0,56.0,8.0,28.0,162.0,210.0,Dark Brown,Died
34,Kenny_34,49.0,71.0,7.0,28.0,163.0,250.0,Dark Brown,Died
35,Kenny_35,25.0,83.0,6.0,27.0,180.0,196.0,Dark Brown,Died
36,Kenny_36,0.0,54.0,7.0,14.0,179.0,236.0,Dark Brown,Died
37,Kenny_37,9.0,16.0,9.0,39.0,176.0,241.0,Dark Brown,Survived
38,Kenny_38,33.0,19.0,7.0,18.0,169.0,274.0,Dark Brown,Died
39,Kenny_39,85.0,23.0,4.0,35.0,144.0,295.0,Light Brown,Survived
40,Kenny_40,16.0,83.0,7.0,28.0,125.0,207.0,Light Brown,Died
41,Kenny_41,22.0,74.0,7.0,34.0,163.0,178.0,Dark Brown,Survived
42,Kenny_42,35.0,6.0,2.0,28.0,177.0,182.0,Dark Brown,Died
43,Kenny_43,33.0,61.0,2.0,28.0,124.0,178.0,Light Brown,Survived
44,Kenny_44,72.0,53.0,3.0,32.0,135.0,231.0,Light Brown,Survived
45,Kenny_45,34.0,37.0,3.0,21.0,169.0,191.0,Dark Brown,Survived
46,Kenny_46,77.0,57.0,1.0,13.0,167.0,291.0,Light Brown,Died
47,Kenny_47,56.0,23.0,8.0,36.0,181.0,181.0,Light Brown,Died
48,Kenny_48,0.0,46.0,9.0,18.0,179.0,196.0,Light Brown,Died
49,Kenny_49,68.0,72.0,2.0,17.0,153.0,294.0,Light Brown,Died
50,Kenny_50,0.0,28.0,6.0,23.0,157.0,209.0,Dark Brown,Died
51,Kenny_51,67.0,8.0,5.0,35.0,137.0,250.0,Dark Brown,Died
52,Kenny_52,97.0,80.0,1.0,32.0,154.0,263.0,Light Brown,Died
53,Kenny_53,5.0,83.0,2.0,39.0,138.0,249.0,Dark Brown,Survived
54,Kenny_54,49.0,83.0,1.0,19.0,164.0,297.0,Dark Brown,Survived
55,Kenny_55,94.0,66.0,4.0,23.0,187.0,214.0,Light Brown,Died
56,Kenny_56,90.0,77.0,4.0,17.0,136.0,210.0,Dark Brown,Died
57,Kenny_57,1.0,90.0,3.0,21.0,187.0,246.0,Light Brown,Died
58,Kenny_58,19.0,56.0,8.0,31.0,123.0,191.0,Light Brown,Survived
59,Kenny_59,75.0,56.0,9.0,39.0,148.0,214.0,Light Brown,Died
60,Kenny_60,33.0,31.0,4.0,10.0,124.0,209.0,Light Brown,Survived
61,Kenny_61,4.0,26.0,9.0,17.0,177.0,199.0,Light Brown,Died
62,Kenny_62,4.0,39.0,8.0,32.0,188.0,299.0,Dark Brown,Survived
63,Kenny_63,9.0,97.0,5.0,16.0,154.0,292.0,Dark Brown,Died
64,Kenny_64,29.0,62.0,2.0,13.0,156.0,245.0,Dark Brown,Survived
65,Kenny_65,4.0,91.0,2.0,16.0,138.0,219.0,Dark Brown,Died
66,Kenny_66,89.0,11.0,6.0,25.0,127.0,190.0,Light Brown,Survived
67,Kenny_67,90.0,74.0,5.0,23.0,137.0,207.0,Light Brown,Died
68,Kenny_68,1.0,78.0,3.0,26.0,153.0,216.0,Light Brown,Died
69,Kenny_69,55.0,25.0,8.0,25.0,164.0,211.0,Light Brown,Died
70,Kenny_70,91.0,22.0,4.0,17.0,151.0,248.0,Dark Brown,Died
71,Kenny_71,19.0,28.0,5.0,34.0,147.0,246.0,Light Brown,Survived
72,Kenny_72,23.0,18.0,6.0,22.0,138.0,286.0,Dark Brown,Died
73,Kenny_73,91.0,44.0,3.0,18.0,145.0,266.0,Dark Brown,Survived
74,Kenny_74,41.0,26.0,7.0,11.0,187.0,234.0,Light Brown,Died
75,Kenny_75,34.0,2.0,1.0,19.0,146.0,215.0,Dark Brown,Died
76,Kenny_76,24.0,21.0,2.0,13.0,126.0,274.0,Dark Brown,Survived
77,Kenny_77,87.0,6.0,9.0,19.0,188.0,294.0,Dark Brown,Died
78,Kenny_78,11.0,9.0,5.0,38.0,181.0,256.0,Light Brown,Survived
79,Kenny_79,84.0,45.0,9.0,34.0,183.0,221.0,Dark Brown,Died
80,Kenny_80,94.0,19.0,4.0,12.0,160.0,209.0,Light Brown,Survived
81,Kenny_81,20.0,14.0,3.0,11.0,166.0,233.0,Light Brown,Died
82,Kenny_82,99.0,59.0,3.0,36.0,166.0,259.0,Light Brown,Survived
83,Kenny_83,17.0,74.0,9.0,13.0,180.0,205.0,Dark Brown,Died
84,Kenny_84,69.0,66.0,7.0,17.0,186.0,207.0,Dark Brown,Died
85,Kenny_85,19.0,22.0,8.0,34.0,133.0,297.0,Dark Brown,Survived
86,Kenny_86,15.0,79.0,1.0,10.0,123.0,276.0,Light Brown,Died
87,Kenny_87,8.0,71.0,7.0,14.0,133.0,289.0,Light Brown,Died
88,Kenny_88,2.0,89.0,5.0,36.0,168.0,210.0,Dark Brown,Survived
89,Kenny_89,33.0,26.0,3.0,20.0,185.0,268.0,Dark Brown,Survived
90,Kenny_90,29.0,80.0,7.0,25.0,189.0,227.0,Dark Brown,Died
91,Kenny_91,70.0,55.0,5.0,32.0,153.0,178.0,Light Brown,Died
92,Kenny_92,56.0,51.0,3.0,29.0,129.0,221.0,Light Brown,Survived
93,Kenny_93,75.0,13.0,6.0,15.0,134.0,291.0,Light Brown,Died
94,Kenny_94,57.0,90.0,1.0,30.0,146.0,284.0,Dark Brown,Died
95,Kenny_95,51.0,71.0,7.0,32.0,122.0,280.0,Dark Brown,Died
96,Kenny_96,22.0,53.0,4.0,25.0,172.0,202.0,Dark Brown,Survived
97,Kenny_97,24.0,4.0,9.0,15.0,135.0,235.0,Light Brown,Died
98,Kenny_98,59.0,4.0,4.0,37.0,143.0,236.0,Dark Brown,Survived
99,Kenny_99,90.0,77.0,2.0,23.0,167.0,282.0,Light Brown,Died
100,Kenny_100,60.0,76.0,6.0,22.0,150.0,227.0,Dark Brown,Died
101,Kenny_101,99.0,6.0,6.0,13.0,165.0,231.0,Dark Brown,Died
102,Kenny_102,96.0,59.0,8.0,10.0,176.0,289.0,Light Brown,Died
103,Kenny_103,39.0,37.0,8.0,18.0,155.0,275.0,Dark Brown,Died
104,Kenny_104,91.0,81.0,4.0,38.0,154.0,225.0,Dark Brown,Died
105,Kenny_105,27.0,2.0,2.0,33.0,162.0,264.0,Light Brown,Survived
106,Kenny_106,5.0,62.0,2.0,30.0,134.0,262.0,Dark Brown,Survived
107,Kenny_107,72.0,34.0,4.0,13.0,166.0,247.0,Light Brown,Survived
108,Kenny_108,55.0,52.0,6.0,28.0,186.0,299.0,Light Brown,Died
109,Kenny_109,9.0,50.0,3.0,16.0,126.0,177.0,Dark Brown,Died
110,Kenny_110,84.0,71.0,2.0,39.0,156.0,249.0,Light Brown,Died
111,Kenny_111,98.0,42.0,2.0,15.0,132.0,262.0,Dark Brown,Survived
112,Kenny_112,93.0,16.0,5.0,17.0,155.0,221.0,Light Brown,Survived
113,Kenny_113,37.0,69.0,6.0,35.0,168.0,181.0,Dark Brown,Died
114,Kenny_114,21.0,0.0,3.0,13.0,126.0,201.0,Dark Brown,Died
115,Kenny_115,7.0,35.0,9.0,32.0,146.0,288.0,Light Brown,Survived
116,Kenny_116,9.0,93.0,6.0,34.0,150.0,231.0,Dark Brown,Survived
117,Kenny_117,24.0,61.0,2.0,31.0,186.0,217.0,Light Brown,Survived
118,Kenny_118,83.0,39.0,1.0,33.0,167.0,292.0,Dark Brown,Survived
119,Kenny_119,49.0,5.0,9.0,32.0,177.0,249.0,Dark Brown,Died
120,Kenny_120,20.0,78.0,9.0,22.0,175.0,239.0,Dark Brown,Died
121,Kenny_121,4.0,74.0,1.0,38.0,133.0,239.0,Light Brown,Survived
122,Kenny_122,40.0,34.0,1.0,19.0,176.0,290.0,Dark Brown,Survived
123,Kenny_123,67.0,79.0,1.0,35.0,178.0,280.0,Light Brown,Died
124,Kenny_124,30.0,46.0,9.0,19.0,134.0,203.0,Dark Brown,Survived
125,Kenny_125,20.0,64.0,1.0,13.0,168.0,229.0,Dark Brown,Survived
126,Kenny_126,69.0,33.0,8.0,38.0,146.0,236.0,Light Brown,Died
127,Kenny_127,10.0,2.0,6.0,23.0,184.0,213.0,Light Brown,Died
128,Kenny_128,43.0,66.0,7.0,14.0,177.0,211.0,Light Brown,Died
129,Kenny_129,84.0,11.0,5.0,25.0,160.0,268.0,Dark Brown,Died
130,Kenny_130,12.0,53.0,5.0,21.0,161.0,217.0,Dark Brown,Survived
131,Kenny_131,22.0,41.0,8.0,36.0,171.0,200.0,Dark Brown,Survived
132,Kenny_132,16.0,56.0,7.0,26.0,152.0,218.0,Dark Brown,Survived
133,Kenny_133,28.0,90.0,6.0,12.0,135.0,175.0,Dark Brown,Died
134,Kenny_134,44.0,28.0,4.0,12.0,135.0,235.0,Dark Brown,Survived
135,Kenny_135,27.0,88.0,8.0,25.0,131.0,222.0,Light Brown,Died
136,Kenny_136,85.0,42.0,3.0,13.0,126.0,267.0,Light Brown,Survived
137,Kenny_137,8.0,68.0,2.0,35.0,125.0,298.0,Dark Brown,Survived
138,Kenny_138,11.0,28.0,5.0,12.0,187.0,254.0,Dark Brown,Survived
139,Kenny_139,68.0,99.0,1.0,30.0,150.0,261.0,Light Brown,Died
140,Kenny_140,43.0,99.0,8.0,34.0,171.0,179.0,Light Brown,Died
141,Kenny_141,59.0,75.0,7.0,17.0,135.0,260.0,Light Brown,Died
142,Kenny_142,13.0,61.0,3.0,13.0,174.0,299.0,Light Brown,Survived
143,Kenny_143,94.0,10.0,5.0,38.0,162.0,197.0,Light Brown,Survived
144,Kenny_144,53.0,53.0,1.0,36.0,187.0,284.0,Dark Brown,Survived
145,Kenny_145,32.0,56.0,4.0,29.0,181.0,213.0,Dark Brown,Survived
146,Kenny_146,50.0,28.0,8.0,15.0,133.0,278.0,Dark Brown,Died
147,Kenny_147,39.0,5.0,9.0,24.0,158.0,251.0,Light Brown,Died
148,Kenny_148,77.0,20.0,2.0,29.0,136.0,204.0,Dark Brown,Survived
149,Kenny_149,33.0,32.0,2.0,19.0,130.0,217.0,Dark Brown,Survived
150,Kenny_150,42.0,93.0,5.0,22.0,142.0,250.0,Dark Brown,Died
151,Kenny_151,81.0,16.0,1.0,31.0,129.0,247.0,Dark Brown,Died
152,Kenny_152,64.0,76.0,8.0,39.0,146.0,263.0,Light Brown,Died
153,Kenny_153,3.0,70.0,3.0,31.0,143.0,198.0,Light Brown,Survived
154,Kenny_154,59.0,71.0,1.0,14.0,186.0,192.0,Light Brown,Died
155,Kenny_155,33.0,95.0,1.0,32.0,141.0,271.0,Dark Brown,Survived
156,Kenny_156,66.0,11.0,6.0,25.0,141.0,261.0,Light Brown,Died
157,Kenny_157,21.0,97.0,8.0,19.0,170.0,285.0,Dark Brown,Died
158,Kenny_158,70.0,59.0,9.0,36.0,123.0,211.0,Dark Brown,Died
159,Kenny_159,0.0,4.0,1.0,33.0,168.0,202.0,Dark Brown,Survived
160,Kenny_160,57.0,32.0,5.0,32.0,120.0,178.0,Light Brown,Died
161,Kenny_161,87.0,27.0,9.0,37.0,150.0,204.0,Dark Brown,Died
162,Kenny_162,5.0,41.0,5.0,17.0,145.0,198.0,Light Brown,Died
163,Kenny_163,54.0,55.0,9.0,36.0,126.0,223.0,Light Brown,Died
164,Kenny_164,64.0,36.0,1.0,19.0,123.0,292.0,Dark Brown,Died
165,Kenny_165,89.0,56.0,6.0,24.0,126.0,264.0,Dark Brown,Died
166,Kenny_166,5.0,46.0,3.0,13.0,140.0,207.0,Dark Brown,Died
167,Kenny_167,98.0,33.0,4.0,37.0,138.0,241.0,Dark Brown,Survived
168,Kenny_168,2.0,54.0,3.0,17.0,134.0,248.0,Light Brown,Died
169,Kenny_169,4.0,49.0,1.0,26.0,171.0,234.0,Light Brown,Died
170,Kenny_170,53.0,81.0,9.0,11.0,179.0,205.0,Dark Brown,Died
171,Kenny_171,15.0,76.0,1.0,19.0,167.0,285.0,Dark Brown,Died
172,Kenny_172,84.0,64.0,8.0,37.0,167.0,193.0,Light Brown,Died
173,Kenny_173,97.0,85.0,6.0,12.0,128.0,237.0,Dark Brown,Died
174,Kenny_174,93.0,73.0,3.0,30.0,172.0,237.0,Light Brown,Died
175,Kenny_175,76.0,46.0,7.0,34.0,125.0,278.0,Dark Brown,Died
176,Kenny_176,98.0,82.0,1.0,23.0,133.0,272.0,Dark Brown,Died
177,Kenny_177,21.0,20.0,6.0,27.0,123.0,190.0,Dark Brown,Survived
178,Kenny_178,71.0,15.0,8.0,35.0,160.0,222.0,Dark Brown,Died
179,Kenny_179,54.0,97.0,1.0,27.0,156.0,295.0,Light Brown,Survived
180,Kenny_180,16.0,40.0,6.0,21.0,178.0,263.0,Dark Brown,Survived
181,Kenny_181,55.0,12.0,5.0,15.0,138.0,273.0,Dark Brown,Died
182,Kenny_182,77.0,78.0,7.0,33.0,180.0,229.0,Dark Brown,Died
183,Kenny_183,76.0,9.0,1.0,17.0,170.0,216.0,Dark Brown,Survived
184,Kenny_184,46.0,34.0,3.0,10.0,188.0,251.0,Light Brown,Survived
185,Kenny_185,53.0,24.0,4.0,29.0,184.0,192.0,Light Brown,Survived
186,Kenny_186,98.0,74.0,7.0,26.0,170.0,265.0,Dark Brown,Died
187,Kenny_187,23.0,39.0,8.0,26.0,189.0,191.0,Dark Brown,Survived
188,Kenny_188,34.0,78.0,3.0,10.0,148.0,207.0,Dark Brown,Died
189,Kenny_189,71.0,5.0,9.0,26.0,175.0,235.0,Light Brown,Survived
190,Kenny_190,93.0,50.0,7.0,11.0,154.0,190.0,Light Brown,Died
191,Kenny_191,2.0,14.0,6.0,26.0,120.0,291.0,Light Brown,Died
192,Kenny_192,37.0,52.0,4.0,34.0,175.0,205.0,Light Brown,Survived
193,Kenny_193,79.0,94.0,1.0,31.0,159.0,269.0,Light Brown,Died
194,Kenny_194,75.0,79.0,5.0,37.0,138.0,218.0,Dark Brown,Died
195,Kenny_195,91.0,10.0,6.0,32.0,174.0,246.0,Dark Brown,Died
196,Kenny_196,68.0,23.0,3.0,19.0,172.0,295.0,Dark Brown,Died
197,Kenny_197,18.0,22.0,8.0,33.0,165.0,192.0,Dark Brown,Survived
198,Kenny_198,65.0,53.0,5.0,14.0,120.0,231.0,Dark Brown,Died
199,Kenny_199,40.0,77.0,4.0,31.0,178.0,225.0,Light Brown,Survived
200,Kenny_200,62.0,46.0,1.0,37.0,137.0,240.0,Dark Brown,Survived
201,Kenny_201,61.0,56.0,6.0,26.0,123.0,253.0,Light Brown,Died
202,Kenny_202,20.0,11.0,4.0,25.0,184.0,291.0,Dark Brown,Died
203,Kenny_203,69.0,35.0,1.0,19.0,134.0,216.0,Dark Brown,Survived
204,Kenny_204,38.0,68.0,7.0,25.0,173.0,218.0,Light Brown,Died
205,Kenny_205,6.0,36.0,1.0,24.0,177.0,177.0,Light Brown,Died
206,Kenny_206,72.0,90.0,9.0,27.0,168.0,297.0,Light Brown,Died
207,Kenny_207,12.0,22.0,7.0,25.0,129.0,197.0,Dark Brown,Survived
208,Kenny_208,41.0,26.0,5.0,10.0,189.0,235.0,Light Brown,Died
209,Kenny_209,12.0,19.0,6.0,16.0,171.0,272.0,Light Brown,Died
210,Kenny_210,14.0,9.0,3.0,11.0,136.0,258.0,Light Brown,Died
211,Kenny_211,0.0,3.0,6.0,25.0,124.0,285.0,Dark Brown,Died
212,Kenny_212,5.0,74.0,3.0,16.0,137.0,200.0,Light Brown,Died
213,Kenny_213,66.0,5.0,9.0,17.0,128.0,180.0,Light Brown,Survived
214,Kenny_214,52.0,14.0,1.0,12.0,189.0,268.0,Dark Brown,Died
215,Kenny_215,73.0,44.0,4.0,37.0,181.0,226.0,Light Brown,Survived
216,Kenny_216,57.0,64.0,4.0,13.0,151.0,186.0,Dark Brown,Died
217,Kenny_217,35.0,58.0,2.0,32.0,164.0,220.0,Light Brown,Survived
218,Kenny_218,5.0,80.0,4.0,25.0,158.0,262.0,Dark Brown,Died
219,Kenny_219,69.0,51.0,6.0,28.0,177.0,184.0,Dark Brown,Died
220,Kenny_220,37.0,66.0,7.0,29.0,136.0,241.0,Dark Brown,Died
221,Kenny_221,70.0,56.0,7.0,22.0,186.0,298.0,Dark Brown,Died
222,Kenny_222,61.0,64.0,6.0,12.0,133.0,228.0,Light Brown,Died
223,Kenny_223,13.0,61.0,9.0,11.0,128.0,282.0,Light Brown,Survived
224,Kenny_224,74.0,46.0,9.0,24.0,147.0,199.0,Dark Brown,Died
225,Kenny_225,47.0,47.0,8.0,12.0,123.0,187.0,Light Brown,Died
226,Kenny_226,30.0,66.0,5.0,24.0,177.0,284.0,Dark Brown,Survived
227,Kenny_227,71.0,32.0,9.0,31.0,165.0,189.0,Dark Brown,Died
228,Kenny_228,68.0,89.0,2.0,34.0,145.0,203.0,Light Brown,Died
229,Kenny_229,29.0,84.0,7.0,26.0,162.0,177.0,Light Brown,Died
230,Kenny_230,83.0,33.0,6.0,12.0,183.0,230.0,Light Brown,Died
231,Kenny_231,53.0,88.0,8.0,39.0,161.0,196.0,Dark Brown,Died
232,Kenny_232,34.0,97.0,3.0,11.0,123.0,293.0,Dark Brown,Died
233,Kenny_233,42.0,95.0,8.0,18.0,133.0,253.0,Light Brown,Died
234,Kenny_234,34.0,16.0,2.0,27.0,165.0,298.0,Light Brown,Died
235,Kenny_235,22.0,90.0,9.0,26.0,170.0,211.0,Dark Brown,Died
236,Kenny_236,60.0,80.0,2.0,36.0,155.0,263.0,Dark Brown,Died
237,Kenny_237,27.0,61.0,4.0,25.0,187.0,263.0,Light Brown,Survived
238,Kenny_238,25.0,7.0,4.0,10.0,162.0,182.0,Light Brown,Died
239,Kenny_239,81.0,17.0,6.0,35.0,178.0,251.0,Dark Brown,Died
240,Kenny_240,80.0,72.0,3.0,27.0,147.0,295.0,Dark Brown,Died
241,Kenny_241,92.0,92.0,9.0,37.0,185.0,197.0,Light Brown,Died
242,Kenny_242,47.0,43.0,8.0,17.0,165.0,257.0,Light Brown,Died
243,Kenny_243,8.0,15.0,9.0,19.0,154.0,204.0,Dark Brown,Died
244,Kenny_244,67.0,97.0,9.0,36.0,141.0,238.0,Dark Brown,Died
245,Kenny_245,72.0,64.0,5.0,27.0,163.0,223.0,Dark Brown,Died
246,Kenny_246,13.0,6.0,9.0,18.0,141.0,290.0,Light Brown,Died
247,Kenny_247,27.0,2.0,3.0,26.0,131.0,207.0,Light Brown,Died
248,Kenny_248,29.0,70.0,5.0,35.0,158.0,208.0,Light Brown,Survived
249,Kenny_249,49.0,48.0,8.0,27.0,174.0,243.0,Dark Brown,Died
250,Kenny_250,39.0,68.0,6.0,14.0,181.0,234.0,Dark Brown,Died
251,Kenny_251,45.0,56.0,7.0,39.0,175.0,291.0,Light Brown,Died
252,Kenny_252,46.0,80.0,7.0,17.0,161.0,269.0,Light Brown,Died
253,Kenny_253,9.0,81.0,1.0,19.0,177.0,270.0,Dark Brown,Died
254,Kenny_254,37.0,28.0,6.0,15.0,127.0,196.0,Light Brown,Died
255,Kenny_255,69.0,12.0,2.0,33.0,179.0,232.0,Dark Brown,Survived
256,Kenny_256,51.0,76.0,2.0,18.0,135.0,226.0,Dark Brown,Survived
257,Kenny_257,99.0,93.0,6.0,11.0,167.0,219.0,Light Brown,Died
258,Kenny_258,86.0,96.0,7.0,28.0,145.0,207.0,Dark Brown,Died
259,Kenny_259,16.0,85.0,2.0,30.0,177.0,191.0,Light Brown,Survived
260,Kenny_260,80.0,41.0,1.0,11.0,178.0,257.0,Light Brown,Survived
261,Kenny_261,36.0,52.0,8.0,22.0,174.0,275.0,Dark Brown,Died
262,Kenny_262,5.0,40.0,4.0,39.0,154.0,184.0,Dark Brown,Survived
263,Kenny_263,66.0,39.0,2.0,13.0,145.0,195.0,Dark Brown,Survived
264,Kenny_264,24.0,64.0,2.0,11.0,153.0,187.0,Dark Brown,Survived
265,Kenny_265,96.0,78.0,2.0,29.0,180.0,199.0,Light Brown,Died
266,Kenny_266,82.0,91.0,8.0,22.0,151.0,247.0,Light Brown,Died
267,Kenny_267,80.0,98.0,6.0,22.0,183.0,202.0,Light Brown,Died
268,Kenny_268,96.0,38.0,8.0,19.0,128.0,220.0,Dark Brown,Died
269,Kenny_269,30.0,9.0,2.0,32.0,154.0,233.0,Light Brown,Survived
270,Kenny_270,1.0,72.0,3.0,29.0,126.0,267.0,Dark Brown,Died
271,Kenny_271,10.0,32.0,2.0,35.0,133.0,218.0,Dark Brown,Survived
272,Kenny_272,6.0,17.0,7.0,26.0,170.0,186.0,Light Brown,Died
273,Kenny_273,35.0,33.0,8.0,32.0,158.0,194.0,Dark Brown,Died
274,Kenny_274,47.0,86.0,7.0,38.0,135.0,266.0,Dark Brown,Died
275,Kenny_275,78.0,19.0,6.0,35.0,130.0,259.0,Light Brown,Died
276,Kenny_276,32.0,26.0,9.0,23.0,124.0,244.0,Light Brown,Survived
277,Kenny_277,25.0,42.0,8.0,39.0,124.0,236.0,Dark Brown,Survived
278,Kenny_278,85.0,86.0,9.0,19.0,121.0,218.0,Dark Brown,Died
279,Kenny_279,41.0,38.0,2.0,29.0,129.0,284.0,Dark Brown,Survived
280,Kenny_280,98.0,88.0,9.0,26.0,179.0,201.0,Light Brown,Died
281,Kenny_281,28.0,38.0,4.0,14.0,126.0,176.0,Dark Brown,Survived
282,Kenny_282,61.0,75.0,5.0,34.0,165.0,292.0,Light Brown,Died
283,Kenny_283,40.0,77.0,2.0,33.0,155.0,213.0,Dark Brown,Survived
284,Kenny_284,96.0,98.0,2.0,33.0,174.0,181.0,Light Brown,Died
285,Kenny_285,27.0,46.0,4.0,26.0,136.0,238.0,Dark Brown,Survived
286,Kenny_286,36.0,34.0,4.0,27.0,171.0,294.0,Dark Brown,Survived
287,Kenny_287,63.0,57.0,1.0,23.0,122.0,285.0,Dark Brown,Died
288,Kenny_288,46.0,93.0,7.0,10.0,143.0,284.0,Light Brown,Died
289,Kenny_289,5.0,14.0,3.0,16.0,144.0,240.0,Dark Brown,Died
290,Kenny_290,60.0,15.0,7.0,27.0,181.0,284.0,Dark Brown,Died
291,Kenny_291,85.0,91.0,2.0,31.0,169.0,260.0,Dark Brown,Died
292,Kenny_292,65.0,75.0,7.0,23.0,129.0,195.0,Light Brown,Died
293,Kenny_293,90.0,34.0,7.0,11.0,120.0,178.0,Dark Brown,Died
294,Kenny_294,92.0,56.0,7.0,30.0,151.0,229.0,Dark Brown,Died
295,Kenny_295,57.0,45.0,9.0,16.0,182.0,207.0,Light Brown,Died
296,Kenny_296,25.0,55.0,6.0,21.0,132.0,269.0,Dark Brown,Survived
297,Kenny_297,27.0,35.0,4.0,10.0,143.0,289.0,Light Brown,Survived
298,Kenny_298,49.0,12.0,8.0,39.0,176.0,195.0,Light Brown,Survived
299,Kenny_299,67.0,2.0,1.0,30.0,135.0,195.0,Dark Brown,Survived
300,Kenny_300,36.0,63.0,4.0,28.0,137.0,206.0,Light Brown,Survived
301,Kenny_301,47.0,20.0,6.0,24.0,123.0,271.0,Light Brown,Died
302,Kenny_302,31.0,59.0,7.0,34.0,139.0,238.0,Dark Brown,Survived
303,Kenny_303,58.0,32.0,6.0,16.0,181.0,255.0,Light Brown,Died
304,Kenny_304,32.0,63.0,5.0,32.0,122.0,182.0,Light Brown,Survived
305,Kenny_305,78.0,11.0,4.0,35.0,183.0,251.0,Light Brown,Died
306,Kenny_306,25.0,71.0,1.0,16.0,157.0,297.0,Dark Brown,Died
307,Kenny_307,52.0,44.0,5.0,29.0,154.0,269.0,Dark Brown,Died
308,Kenny_308,71.0,21.0,5.0,15.0,137.0,218.0,Light Brown,Died
309,Kenny_309,18.0,21.0,3.0,38.0,186.0,196.0,Light Brown,Survived
310,Kenny_310,46.0,29.0,7.0,22.0,181.0,293.0,Light Brown,Died
311,Kenny_311,49.0,94.0,9.0,29.0,161.0,205.0,Dark Brown,Died
312,Kenny_312,35.0,73.0,5.0,31.0,174.0,234.0,Dark Brown,Died
313,Kenny_313,63.0,29.0,8.0,10.0,141.0,196.0,Light Brown,Died
314,Kenny_314,78.0,92.0,6.0,38.0,149.0,296.0,Light Brown,Died
315,Kenny_315,3.0,6.0,3.0,13.0,189.0,203.0,Dark Brown,Died
316,Kenny_316,4.0,99.0,4.0,24.0,189.0,290.0,Light Brown,Died
317,Kenny_317,14.0,31.0,2.0,31.0,147.0,178.0,Dark Brown,Survived
318,Kenny_318,40.0,63.0,7.0,23.0,175.0,207.0,Light Brown,Died
319,Kenny_319,45.0,5.0,4.0,38.0,187.0,252.0,Light Brown,Survived
320,Kenny_320,14.0,49.0,1.0,37.0,171.0,264.0,Light Brown,Survived
321,Kenny_321,41.0,26.0,1.0,39.0,179.0,220.0,Dark Brown,Survived
322,Kenny_322,83.0,97.0,5.0,17.0,177.0,277.0,Dark Brown,Died
323,Kenny_323,29.0,93.0,8.0,34.0,175.0,293.0,Light Brown,Survived
324,Kenny_324,57.0,76.0,6.0,25.0,123.0,186.0,Dark Brown,Died
325,Kenny_325,55.0,35.0,3.0,10.0,176.0,275.0,Light Brown,Died
326,Kenny_326,22.0,35.0,4.0,39.0,127.0,196.0,Light Brown,Survived
327,Kenny_327,67.0,43.0,2.0,23.0,151.0,235.0,Light Brown,Survived
328,Kenny_328,19.0,87.0,3.0,13.0,178.0,184.0,Light Brown,Died
329,Kenny_329,28.0,91.0,2.0,32.0,174.0,289.0,Dark Brown,Survived
330,Kenny_330,91.0,1.0,3.0,31.0,171.0,299.0,Dark Brown,Died
331,Kenny_331,22.0,11.0,6.0,13.0,152.0,208.0,Light Brown,Died
332,Kenny_332,31.0,59.0,2.0,13.0,187.0,247.0,Dark Brown,Survived
333,Kenny_333,49.0,45.0,5.0,38.0,157.0,199.0,Light Brown,Died
334,Kenny_334,16.0,98.0,5.0,35.0,185.0,197.0,Light Brown,Survived
335,Kenny_335,91.0,29.0,3.0,39.0,145.0,191.0,Light Brown,Survived
336,Kenny_336,76.0,37.0,7.0,15.0,135.0,232.0,Light Brown,Died
337,Kenny_337,92.0,12.0,2.0,19.0,153.0,265.0,Light Brown,Survived
338,Kenny_338,75.0,1.0,2.0,24.0,154.0,288.0,Light Brown,Died
339,Kenny_339,30.0,14.0,4.0,20.0,149.0,288.0,Light Brown,Died
340,Kenny_340,39.0,66.0,5.0,33.0,188.0,285.0,Light Brown,Died
341,Kenny_341,70.0,60.0,6.0,37.0,162.0,291.0,Dark Brown,Died
342,Kenny_342,50.0,39.0,3.0,12.0,165.0,223.0,Light Brown,Survived
343,Kenny_343,67.0,26.0,4.0,34.0,139.0,255.0,Light Brown,Died
344,Kenny_344,20.0,57.0,2.0,12.0,132.0,276.0,Light Brown,Survived
345,Kenny_345,34.0,0.0,6.0,26.0,136.0,293.0,Light Brown,Died
346,Kenny_346,78.0,51.0,6.0,21.0,137.0,222.0,Light Brown,Died
347,Kenny_347,10.0,4.0,3.0,28.0,167.0,241.0,Light Brown,Died
348,Kenny_348,52.0,82.0,4.0,17.0,168.0,220.0,Dark Brown,Survived
349,Kenny_349,9.0,58.0,6.0,37.0,179.0,220.0,Dark Brown,Survived
350,Kenny_350,42.0,43.0,8.0,29.0,124.0,200.0,Dark Brown,Died
351,Kenny_351,64.0,85.0,8.0,26.0,177.0,251.0,Dark Brown,Died
352,Kenny_352,95.0,34.0,4.0,31.0,138.0,248.0,Light Brown,Survived
353,Kenny_353,56.0,13.0,2.0,39.0,137.0,266.0,Dark Brown,Died
354,Kenny_354,45.0,66.0,6.0,28.0,167.0,261.0,Light Brown,Died
355,Kenny_355,43.0,56.0,8.0,11.0,166.0,246.0,Dark Brown,Died
356,Kenny_356,21.0,84.0,2.0,13.0,138.0,200.0,Light Brown,Died
357,Kenny_357,86.0,73.0,8.0,10.0,162.0,269.0,Light Brown,Died
358,Kenny_358,78.0,40.0,9.0,22.0,128.0,181.0,Light Brown,Died
359,Kenny_359,12.0,56.0,4.0,20.0,127.0,191.0,Light Brown,Survived
360,Kenny_360,95.0,1.0,3.0,11.0,152.0,189.0,Dark Brown,Died
361,Kenny_361,38.0,14.0,6.0,23.0,153.0,290.0,Light Brown,Died
362,Kenny_362,76.0,0.0,5.0,20.0,149.0,254.0,Dark Brown,Died
363,Kenny_363,0.0,20.0,3.0,27.0,182.0,178.0,Light Brown,Died
364,Kenny_364,60.0,90.0,6.0,14.0,164.0,182.0,Dark Brown,Died
365,Kenny_365,72.0,71.0,1.0,32.0,149.0,285.0,Dark Brown,Died
366,Kenny_366,56.0,69.0,7.0,14.0,142.0,288.0,Dark Brown,Died
367,Kenny_367,88.0,51.0,2.0,23.0,134.0,271.0,Dark Brown,Survived
368,Kenny_368,61.0,15.0,6.0,21.0,136.0,295.0,Dark Brown,Died
369,Kenny_369,49.0,4.0,4.0,25.0,170.0,209.0,Dark Brown,Died
370,Kenny_370,0.0,5.0,6.0,29.0,183.0,195.0,Dark Brown,Died
371,Kenny_371,70.0,21.0,3.0,16.0,157.0,195.0,Light Brown,Survived
372,Kenny_372,45.0,22.0,4.0,18.0,163.0,225.0,Dark Brown,Survived
373,Kenny_373,97.0,13.0,3.0,16.0,141.0,183.0,Light Brown,Survived
374,Kenny_374,64.0,76.0,6.0,28.0,150.0,192.0,Light Brown,Died
375,Kenny_375,66.0,88.0,3.0,32.0,170.0,295.0,Dark Brown,Died
376,Kenny_376,7.0,54.0,8.0,14.0,181.0,267.0,Light Brown,Died
377,Kenny_377,47.0,32.0,7.0,16.0,135.0,242.0,Light Brown,Died
378,Kenny_378,0.0,7.0,2.0,12.0,129.0,233.0,Light Brown,Died
379,Kenny_379,7.0,29.0,3.0,37.0,154.0,284.0,Light Brown,Survived
380,Kenny_380,22.0,64.0,5.0,10.0,185.0,255.0,Dark Brown,Survived
381,Kenny_381,70.0,0.0,2.0,25.0,139.0,223.0,Light Brown,Survived
382,Kenny_382,88.0,18.0,2.0,16.0,135.0,216.0,Light Brown,Survived
383,Kenny_383,58.0,16.0,3.0,18.0,150.0,227.0,Dark Brown,Survived
384,Kenny_384,89.0,46.0,2.0,15.0,151.0,274.0,Light Brown,Survived
385,Kenny_385,0.0,5.0,9.0,19.0,169.0,228.0,Dark Brown,Died
386,Kenny_386,82.0,54.0,7.0,18.0,188.0,273.0,Light Brown,Died
387,Kenny_387,58.0,82.0,9.0,39.0,162.0,259.0,Dark Brown,Died
388,Kenny_388,73.0,40.0,1.0,21.0,173.0,241.0,Dark Brown,Survived
389,Kenny_389,56.0,99.0,9.0,38.0,180.0,236.0,Light Brown,Died
390,Kenny_390,99.0,37.0,9.0,23.0,159.0,218.0,Light Brown,Died
391,Kenny_391,64.0,50.0,4.0,18.0,149.0,180.0,Dark Brown,Survived
392,Kenny_392,23.0,59.0,5.0,14.0,152.0,299.0,Dark Brown,Survived
393,Kenny_393,95.0,62.0,3.0,13.0,131.0,284.0,Dark Brown,Died
394,Kenny_394,54.0,65.0,5.0,30.0,169.0,275.0,Light Brown,Died
395,Kenny_395,43.0,81.0,4.0,28.0,154.0,263.0,Dark Brown,Survived
396,Kenny_396,17.0,63.0,5.0,24.0,163.0,197.0,Light Brown,Survived
397,Kenny_397,97.0,11.0,3.0,31.0,125.0,194.0,Light Brown,Survived
398,Kenny_398,40.0,35.0,5.0,18.0,138.0,261.0,Dark Brown,Died
399,Kenny_399,52.0,9.0,7.0,18.0,177.0,279.0,Dark Brown,Died
400,Kenny_400,92.0,96.0,9.0,37.0,136.0,193.0,Light Brown,Died
401,Kenny_401,11.0,38.0,6.0,13.0,135.0,236.0,Light Brown,Survived
402,Kenny_402,76.0,78.0,3.0,10.0,129.0,254.0,Dark Brown,Died
403,Kenny_403,15.0,49.0,5.0,32.0,136.0,248.0,Light Brown,Survived
404,Kenny_404,12.0,52.0,3.0,12.0,138.0,292.0,Dark Brown,Survived
405,Kenny_405,15.0,98.0,9.0,15.0,164.0,206.0,Dark Brown,Died
406,Kenny_406,95.0,7.0,3.0,12.0,142.0,279.0,Dark Brown,Died
407,Kenny_407,25.0,42.0,9.0,32.0,141.0,282.0,Light Brown,Survived
408,Kenny_408,12.0,54.0,5.0,38.0,181.0,268.0,Light Brown,Survived
409,Kenny_409,90.0,85.0,6.0,18.0,139.0,240.0,Dark Brown,Died
410,Kenny_410,0.0,11.0,6.0,10.0,157.0,262.0,Dark Brown,Died
411,Kenny_411,28.0,69.0,8.0,11.0,126.0,212.0,Light Brown,Survived
412,Kenny_412,61.0,63.0,8.0,37.0,170.0,296.0,Light Brown,Died
413,Kenny_413,52.0,42.0,8.0,35.0,124.0,218.0,Light Brown,Died
414,Kenny_414,96.0,62.0,6.0,12.0,135.0,260.0,Dark Brown,Died
415,Kenny_415,81.0,2.0,3.0,13.0,162.0,215.0,Dark Brown,Died
416,Kenny_416,54.0,0.0,3.0,21.0,137.0,286.0,Dark Brown,Died
417,Kenny_417,47.0,79.0,7.0,12.0,136.0,196.0,Dark Brown,Died
418,Kenny_418,35.0,17.0,4.0,31.0,137.0,269.0,Dark Brown,Survived
419,Kenny_419,39.0,59.0,4.0,10.0,166.0,203.0,Dark Brown,Survived
420,Kenny_420,25.0,5.0,4.0,11.0,147.0,196.0,Light Brown,Died
421,Kenny_421,70.0,87.0,7.0,21.0,181.0,253.0,Light Brown,Died
422,Kenny_422,5.0,65.0,5.0,21.0,173.0,201.0,Dark Brown,Died
423,Kenny_423,55.0,73.0,3.0,13.0,145.0,203.0,Dark Brown,Died
424,Kenny_424,66.0,38.0,3.0,26.0,136.0,182.0,Light Brown,Survived
425,Kenny_425,61.0,63.0,1.0,20.0,176.0,179.0,Dark Brown,Died
426,Kenny_426,43.0,37.0,4.0,35.0,124.0,282.0,Light Brown,Survived
427,Kenny_427,87.0,41.0,8.0,16.0,144.0,292.0,Light Brown,Died
428,Kenny_428,59.0,96.0,6.0,19.0,167.0,175.0,Light Brown,Died
429,Kenny_429,75.0,37.0,8.0,27.0,186.0,275.0,Dark Brown,Died
430,Kenny_430,13.0,90.0,9.0,19.0,166.0,180.0,Light Brown,Died
431,Kenny_431,36.0,59.0,5.0,23.0,141.0,227.0,Light Brown,Died
432,Kenny_432,40.0,85.0,9.0,24.0,179.0,273.0,Light Brown,Died
433,Kenny_433,3.0,63.0,2.0,26.0,186.0,266.0,Dark Brown,Died
434,Kenny_434,25.0,4.0,1.0,34.0,180.0,215.0,Light Brown,Survived
435,Kenny_435,62.0,35.0,4.0,10.0,177.0,255.0,Light Brown,Died
436,Kenny_436,69.0,31.0,9.0,28.0,151.0,260.0,Light Brown,Died
437,Kenny_437,86.0,81.0,1.0,20.0,187.0,226.0,Light Brown,Died
438,Kenny_438,78.0,13.0,3.0,24.0,166.0,233.0,Light Brown,Survived
439,Kenny_439,28.0,75.0,1.0,20.0,169.0,214.0,Dark Brown,Died
440,Kenny_440,24.0,25.0,7.0,30.0,182.0,198.0,Light Brown,Survived
441,Kenny_441,91.0,9.0,5.0,19.0,179.0,280.0,Dark Brown,Died
442,Kenny_442,61.0,57.0,6.0,33.0,154.0,217.0,Dark Brown,Died
443,Kenny_443,96.0,45.0,1.0,28.0,179.0,208.0,Dark Brown,Survived
444,Kenny_444,9.0,69.0,9.0,11.0,158.0,216.0,Dark Brown,Died
445,Kenny_445,65.0,83.0,6.0,35.0,137.0,189.0,Light Brown,Died
446,Kenny_446,31.0,28.0,1.0,39.0,147.0,251.0,Dark Brown,Survived
447,Kenny_447,82.0,87.0,2.0,18.0,159.0,206.0,Light Brown,Died
448,Kenny_448,68.0,41.0,1.0,16.0,137.0,193.0,Dark Brown,Survived
449,Kenny_449,1.0,20.0,3.0,31.0,129.0,212.0,Light Brown,Survived
450,Kenny_450,58.0,82.0,5.0,12.0,174.0,261.0,Dark Brown,Died
451,Kenny_451,99.0,26.0,8.0,15.0,174.0,292.0,Light Brown,Survived
452,Kenny_452,72.0,33.0,8.0,16.0,169.0,292.0,Light Brown,Died
453,Kenny_453,50.0,65.0,7.0,35.0,178.0,183.0,Dark Brown,Died
454,Kenny_454,62.0,67.0,6.0,13.0,131.0,273.0,Dark Brown,Died
455,Kenny_455,4.0,63.0,9.0,24.0,173.0,284.0,Light Brown,Died
456,Kenny_456,0.0,53.0,8.0,34.0,123.0,182.0,Dark Brown,Survived
457,Kenny_457,37.0,43.0,7.0,33.0,182.0,289.0,Dark Brown,Died
458,Kenny_458,88.0,16.0,3.0,31.0,133.0,204.0,Light Brown,Survived
459,Kenny_459,71.0,48.0,1.0,33.0,128.0,278.0,Dark Brown,Died
460,Kenny_460,9.0,95.0,4.0,23.0,135.0,243.0,Light Brown,Died
461,Kenny_461,91.0,29.0,9.0,35.0,144.0,179.0,Dark Brown,Died
462,Kenny_462,35.0,12.0,8.0,12.0,144.0,254.0,Dark Brown,Died
463,Kenny_463,17.0,53.0,8.0,31.0,125.0,215.0,Dark Brown,Survived
464,Kenny_464,45.0,71.0,5.0,29.0,146.0,281.0,Dark Brown,Died
465,Kenny_465,23.0,40.0,6.0,20.0,150.0,244.0,Light Brown,Survived
466,Kenny_466,64.0,46.0,2.0,22.0,125.0,234.0,Dark Brown,Survived
467,Kenny_467,23.0,1.0,8.0,28.0,163.0,229.0,Light Brown,Died
468,Kenny_468,99.0,32.0,1.0,17.0,147.0,210.0,Dark Brown,Survived
469,Kenny_469,90.0,33.0,5.0,35.0,160.0,250.0,Light Brown,Died
470,Kenny_470,82.0,69.0,7.0,19.0,176.0,241.0,Dark Brown,Died
471,Kenny_471,48.0,94.0,8.0,25.0,151.0,201.0,Dark Brown,Died
472,Kenny_472,91.0,40.0,2.0,21.0,183.0,255.0,Dark Brown,Survived
473,Kenny_473,61.0,72.0,5.0,16.0,136.0,192.0,Light Brown,Died
474,Kenny_474,57.0,38.0,6.0,35.0,120.0,178.0,Light Brown,Died
475,Kenny_475,7.0,23.0,3.0,34.0,160.0,208.0,Dark Brown,Survived
476,Kenny_476,52.0,28.0,5.0,16.0,184.0,207.0,Light Brown,Died
477,Kenny_477,95.0,82.0,2.0,38.0,183.0,187.0,Dark Brown,Died
478,Kenny_478,64.0,82.0,9.0,22.0,182.0,206.0,Dark Brown,Died
479,Kenny_479,22.0,47.0,5.0,31.0,120.0,274.0,Dark Brown,Survived
480,Kenny_480,22.0,70.0,2.0,32.0,140.0,252.0,Light Brown,Survived
481,Kenny_481,60.0,74.0,6.0,31.0,149.0,257.0,Dark Brown,Died
482,Kenny_482,13.0,83.0,5.0,20.0,142.0,184.0,Light Brown,Died
483,Kenny_483,48.0,30.0,1.0,35.0,163.0,246.0,Light Brown,Survived
484,Kenny_484,42.0,1.0,2.0,24.0,123.0,295.0,Light Brown,Died
485,Kenny_485,91.0,37.0,8.0,20.0,167.0,268.0,Light Brown,Died
486,Kenny_486,54.0,14.0,2.0,24.0,182.0,287.0,Dark Brown,Died
487,Kenny_487,97.0,66.0,1.0,33.0,126.0,284.0,Light Brown,Died
488,Kenny_488,48.0,72.0,1.0,22.0,136.0,223.0,Dark Brown,Survived
489,Kenny_489,20.0,10.0,6.0,35.0,132.0,236.0,Dark Brown,Survived
490,Kenny_490,43.0,57.0,3.0,12.0,133.0,192.0,Dark Brown,Survived
491,Kenny_491,86.0,2.0,4.0,24.0,142.0,210.0,Dark Brown,Died
492,Kenny_492,88.0,96.0,4.0,28.0,139.0,255.0,Light Brown,Died
493,Kenny_493,7.0,56.0,8.0,11.0,172.0,184.0,Light Brown,Died
494,Kenny_494,72.0,13.0,6.0,27.0,139.0,272.0,Dark Brown,Died
495,Kenny_495,16.0,1.0,4.0,36.0,185.0,284.0,Dark Brown,Survived
496,Kenny_496,76.0,98.0,8.0,10.0,135.0,246.0,Dark Brown,Died
497,Kenny_497,26.0,19.0,6.0,29.0,144.0,184.0,Light Brown,Died
498,Kenny_498,47.0,45.0,5.0,22.0,169.0,200.0,Light Brown,Died
499,Kenny_499,35.0,91.0,3.0,32.0,121.0,194.0,Dark Brown,Survived
500,Kenny_500,7.0,71.0,4.0,21.0,142.0,267.0,Light Brown,Died
501,Kenny_501,98.0,95.0,6.0,16.0,185.0,277.0,Dark Brown,Died
502,Kenny_502,8.0,32.0,6.0,30.0,123.0,264.0,Light Brown,Survived
503,Kenny_503,45.0,42.0,5.0,19.0,173.0,299.0,Light Brown,Died
504,Kenny_504,2.0,38.0,1.0,26.0,125.0,177.0,Light Brown,Died
505,Kenny_505,67.0,81.0,3.0,11.0,156.0,251.0,Light Brown,Died
506,Kenny_506,89.0,92.0,5.0,31.0,182.0,233.0,Dark Brown,Died
507,Kenny_507,80.0,48.0,2.0,18.0,162.0,192.0,Light Brown,Survived
508,Kenny_508,81.0,45.0,8.0,19.0,172.0,228.0,Dark Brown,Died
509,Kenny_509,51.0,72.0,1.0,17.0,160.0,292.0,Dark Brown,Survived
510,Kenny_510,37.0,34.0,9.0,28.0,186.0,276.0,Dark Brown,Died
511,Kenny_511,8.0,50.0,7.0,26.0,134.0,177.0,Light Brown,Died
512,Kenny_512,20.0,83.0,3.0,36.0,133.0,237.0,Dark Brown,Survived
513,Kenny_513,36.0,63.0,8.0,23.0,173.0,176.0,Dark Brown,Died
514,Kenny_514,40.0,65.0,3.0,21.0,136.0,259.0,Light Brown,Survived
515,Kenny_515,79.0,27.0,3.0,13.0,157.0,256.0,Dark Brown,Died
516,Kenny_516,4.0,1.0,9.0,10.0,129.0,294.0,Light Brown,Died
517,Kenny_517,4.0,42.0,1.0,23.0,177.0,243.0,Dark Brown,Died
518,Kenny_518,41.0,72.0,2.0,36.0,184.0,181.0,Light Brown,Survived
519,Kenny_519,68.0,0.0,7.0,20.0,151.0,268.0,Dark Brown,Died
520,Kenny_520,45.0,30.0,5.0,15.0,166.0,184.0,Dark Brown,Died
521,Kenny_521,80.0,25.0,1.0,10.0,139.0,268.0,Dark Brown,Died
522,Kenny_522,57.0,8.0,2.0,17.0,134.0,240.0,Dark Brown,Survived
523,Kenny_523,25.0,76.0,6.0,39.0,178.0,200.0,Dark Brown,Survived
524,Kenny_524,92.0,84.0,8.0,15.0,188.0,242.0,Dark Brown,Died
525,Kenny_525,4.0,89.0,5.0,14.0,123.0,253.0,Dark Brown,Died
526,Kenny_526,69.0,68.0,1.0,20.0,129.0,228.0,Light Brown,Died
527,Kenny_527,55.0,26.0,7.0,12.0,167.0,213.0,Dark Brown,Died
528,Kenny_528,83.0,74.0,6.0,28.0,132.0,283.0,Dark Brown,Died
529,Kenny_529,54.0,52.0,4.0,29.0,156.0,265.0,Dark Brown,Survived
530,Kenny_530,41.0,26.0,5.0,24.0,120.0,297.0,Light Brown,Died
531,Kenny_531,75.0,61.0,4.0,20.0,139.0,270.0,Light Brown,Died
532,Kenny_532,82.0,92.0,9.0,16.0,182.0,267.0,Light Brown,Died
533,Kenny_533,86.0,48.0,9.0,24.0,175.0,242.0,Light Brown,Died
534,Kenny_534,14.0,81.0,4.0,29.0,124.0,179.0,Light Brown,Died
535,Kenny_535,18.0,3.0,1.0,33.0,184.0,298.0,Light Brown,Survived
536,Kenny_536,4.0,82.0,7.0,11.0,121.0,263.0,Dark Brown,Died
537,Kenny_537,74.0,93.0,5.0,36.0,136.0,196.0,Dark Brown,Died
538,Kenny_538,11.0,88.0,8.0,29.0,133.0,205.0,Dark Brown,Died
539,Kenny_539,39.0,87.0,4.0,39.0,151.0,260.0,Dark Brown,Survived
540,Kenny_540,44.0,32.0,9.0,26.0,151.0,246.0,Dark Brown,Died
541,Kenny_541,72.0,34.0,5.0,39.0,135.0,181.0,Dark Brown,Died
542,Kenny_542,97.0,62.0,3.0,34.0,135.0,194.0,Light Brown,Died
543,Kenny_543,16.0,1.0,7.0,39.0,168.0,222.0,Dark Brown,Survived
544,Kenny_544,77.0,91.0,5.0,16.0,135.0,215.0,Light Brown,Died
545,Kenny_545,92.0,50.0,4.0,38.0,172.0,214.0,Dark Brown,Survived
546,Kenny_546,49.0,55.0,3.0,35.0,120.0,286.0,Dark Brown,Survived
547,Kenny_547,86.0,69.0,3.0,23.0,186.0,226.0,Light Brown,Died
548,Kenny_548,98.0,6.0,9.0,23.0,133.0,295.0,Light Brown,Survived
549,Kenny_549,90.0,51.0,7.0,24.0,185.0,263.0,Light Brown,Died
550,Kenny_550,32.0,88.0,2.0,28.0,164.0,261.0,Light Brown,Died
551,Kenny_551,61.0,10.0,2.0,31.0,169.0,254.0,Dark Brown,Died
552,Kenny_552,2.0,26.0,7.0,31.0,151.0,282.0,Light Brown,Survived
553,Kenny_553,69.0,8.0,4.0,12.0,177.0,243.0,Light Brown,Survived
554,Kenny_554,62.0,87.0,5.0,38.0,189.0,296.0,Dark Brown,Died
555,Kenny_555,64.0,61.0,8.0,34.0,120.0,237.0,Light Brown,Died
556,Kenny_556,85.0,23.0,6.0,31.0,177.0,282.0,Light Brown,Survived
557,Kenny_557,59.0,94.0,6.0,30.0,184.0,186.0,Dark Brown,Died
558,Kenny_558,55.0,5.0,5.0,32.0,174.0,198.0,Dark Brown,Died
559,Kenny_559,15.0,78.0,3.0,11.0,134.0,278.0,Dark Brown,Died
560,Kenny_560,13.0,35.0,7.0,36.0,131.0,249.0,Light Brown,Survived
561,Kenny_561,86.0,42.0,5.0,21.0,183.0,187.0,Light Brown,Died
562,Kenny_562,85.0,37.0,2.0,39.0,188.0,185.0,Light Brown,Survived
563,Kenny_563,38.0,53.0,9.0,11.0,183.0,225.0,Dark Brown,Died
564,Kenny_564,39.0,30.0,2.0,27.0,123.0,175.0,Dark Brown,Survived
565,Kenny_565,0.0,31.0,2.0,34.0,167.0,259.0,Dark Brown,Survived
566,Kenny_566,14.0,87.0,3.0,28.0,148.0,211.0,Dark Brown,Died
567,Kenny_567,9.0,93.0,3.0,37.0,171.0,248.0,Dark Brown,Survived
568,Kenny_568,14.0,65.0,2.0,33.0,153.0,277.0,Dark Brown,Survived
569,Kenny_569,47.0,28.0,3.0,22.0,128.0,232.0,Dark Brown,Survived
570,Kenny_570,11.0,2.0,3.0,30.0,184.0,272.0,Dark Brown,Survived
571,Kenny_571,30.0,21.0,7.0,10.0,179.0,187.0,Dark Brown,Survived
572,Kenny_572,68.0,1.0,6.0,29.0,144.0,180.0,Light Brown,Survived
573,Kenny_573,73.0,17.0,5.0,29.0,189.0,206.0,Light Brown,Survived
574,Kenny_574,95.0,47.0,7.0,38.0,177.0,274.0,Dark Brown,Died
575,Kenny_575,18.0,45.0,2.0,22.0,140.0,280.0,Dark Brown,Survived
576,Kenny_576,25.0,86.0,2.0,19.0,151.0,282.0,Light Brown,Died
577,Kenny_577,2.0,1.0,2.0,20.0,160.0,286.0,Light Brown,Died
578,Kenny_578,5.0,17.0,1.0,13.0,172.0,244.0,Light Brown,Died
579,Kenny_579,99.0,6.0,5.0,24.0,160.0,236.0,Dark Brown,Died
580,Kenny_580,75.0,55.0,2.0,33.0,175.0,187.0,Dark Brown,Survived
581,Kenny_581,36.0,0.0,2.0,27.0,160.0,182.0,Dark Brown,Died
582,Kenny_582,94.0,72.0,5.0,19.0,176.0,274.0,Dark Brown,Died
583,Kenny_583,56.0,95.0,8.0,32.0,178.0,205.0,Light Brown,Died
584,Kenny_584,24.0,91.0,1.0,23.0,171.0,258.0,Light Brown,Died
585,Kenny_585,5.0,39.0,1.0,14.0,141.0,236.0,Dark Brown,Died
586,Kenny_586,61.0,51.0,9.0,31.0,137.0,205.0,Dark Brown,Died
587,Kenny_587,95.0,72.0,1.0,29.0,158.0,229.0,Light Brown,Died
588,Kenny_588,13.0,7.0,4.0,16.0,169.0,209.0,Light Brown,Died
589,Kenny_589,21.0,1.0,6.0,39.0,162.0,216.0,Dark Brown,Survived
590,Kenny_590,71.0,68.0,1.0,16.0,162.0,242.0,Dark Brown,Died
591,Kenny_591,66.0,84.0,7.0,21.0,128.0,192.0,Dark Brown,Died
592,Kenny_592,1.0,15.0,4.0,17.0,178.0,219.0,Dark Brown,Died
593,Kenny_593,40.0,28.0,1.0,27.0,142.0,191.0,Dark Brown,Survived
594,Kenny_594,34.0,56.0,9.0,16.0,173.0,230.0,Light Brown,Survived
595,Kenny_595,21.0,68.0,1.0,20.0,161.0,265.0,Dark Brown,Survived
596,Kenny_596,44.0,76.0,7.0,23.0,162.0,198.0,Dark Brown,Died
597,Kenny_597,61.0,57.0,1.0,35.0,128.0,238.0,Dark Brown,Survived
598,Kenny_598,82.0,29.0,1.0,14.0,188.0,246.0,Dark Brown,Died
599,Kenny_599,24.0,41.0,6.0,39.0,177.0,298.0,Dark Brown,Survived
600,Kenny_600,37.0,55.0,5.0,31.0,170.0,247.0,Dark Brown,Died
601,Kenny_601,39.0,55.0,4.0,19.0,159.0,280.0,Light Brown,Survived
602,Kenny_602,28.0,41.0,4.0,27.0,145.0,244.0,Light Brown,Survived
603,Kenny_603,14.0,9.0,3.0,31.0,136.0,297.0,Light Brown,Survived
604,Kenny_604,38.0,79.0,1.0,33.0,171.0,197.0,Light Brown,Survived
605,Kenny_605,6.0,32.0,9.0,13.0,151.0,191.0,Light Brown,Died
606,Kenny_606,99.0,3.0,3.0,18.0,149.0,288.0,Dark Brown,Died
607,Kenny_607,6.0,1.0,2.0,11.0,125.0,276.0,Dark Brown,Died
608,Kenny_608,12.0,84.0,5.0,22.0,129.0,251.0,Light Brown,Died
609,Kenny_609,85.0,10.0,2.0,18.0,121.0,210.0,Light Brown,Survived
610,Kenny_610,48.0,84.0,1.0,18.0,124.0,265.0,Dark Brown,Survived
611,Kenny_611,85.0,1.0,4.0,30.0,124.0,183.0,Light Brown,Survived
612,Kenny_612,50.0,39.0,4.0,19.0,122.0,266.0,Light Brown,Survived
613,Kenny_613,81.0,60.0,8.0,29.0,178.0,183.0,Dark Brown,Died
614,Kenny_614,67.0,64.0,7.0,37.0,125.0,187.0,Dark Brown,Died
615,Kenny_615,12.0,97.0,1.0,29.0,126.0,290.0,Light Brown,Died
616,Kenny_616,70.0,60.0,3.0,30.0,131.0,270.0,Dark Brown,Died
617,Kenny_617,40.0,89.0,9.0,22.0,149.0,265.0,Dark Brown,Died
618,Kenny_618,49.0,51.0,4.0,23.0,174.0,200.0,Dark Brown,Survived
619,Kenny_619,99.0,24.0,4.0,14.0,158.0,228.0,Light Brown,Survived
620,Kenny_620,44.0,54.0,1.0,39.0,154.0,189.0,Dark Brown,Survived
621,Kenny_621,22.0,70.0,5.0,34.0,156.0,299.0,Light Brown,Survived
622,Kenny_622,12.0,59.0,3.0,12.0,168.0,285.0,Dark Brown,Survived
623,Kenny_623,63.0,58.0,7.0,39.0,172.0,258.0,Dark Brown,Died
624,Kenny_624,33.0,24.0,5.0,33.0,160.0,195.0,Light Brown,Survived
625,Kenny_625,76.0,88.0,2.0,38.0,124.0,277.0,Dark Brown,Died
626,Kenny_626,90.0,3.0,6.0,36.0,188.0,295.0,Light Brown,Survived
627,Kenny_627,89.0,76.0,5.0,18.0,187.0,224.0,Dark Brown,Died
628,Kenny_628,30.0,24.0,6.0,27.0,167.0,231.0,Light Brown,Survived
629,Kenny_629,82.0,9.0,7.0,17.0,171.0,215.0,Light Brown,Survived
630,Kenny_630,27.0,51.0,1.0,10.0,167.0,258.0,Light Brown,Survived
631,Kenny_631,75.0,82.0,9.0,10.0,159.0,209.0,Dark Brown,Died
632,Kenny_632,74.0,86.0,4.0,29.0,138.0,297.0,Light Brown,Died
633,Kenny_633,98.0,76.0,6.0,36.0,154.0,179.0,Dark Brown,Died
634,Kenny_634,87.0,33.0,7.0,18.0,121.0,264.0,Dark Brown,Died
635,Kenny_635,21.0,67.0,9.0,20.0,124.0,207.0,Dark Brown,Survived
636,Kenny_636,26.0,29.0,5.0,34.0,126.0,263.0,Dark Brown,Survived
637,Kenny_637,76.0,95.0,1.0,27.0,142.0,175.0,Light Brown,Died
638,Kenny_638,81.0,53.0,1.0,12.0,164.0,244.0,Light Brown,Survived
639,Kenny_639,86.0,55.0,5.0,19.0,169.0,193.0,Dark Brown,Died
640,Kenny_640,65.0,6.0,2.0,17.0,185.0,293.0,Light Brown,Died
641,Kenny_641,99.0,5.0,6.0,35.0,128.0,199.0,Dark Brown,Died
642,Kenny_642,50.0,64.0,8.0,21.0,121.0,245.0,Dark Brown,Died
643,Kenny_643,36.0,74.0,9.0,39.0,173.0,235.0,Dark Brown,Died
644,Kenny_644,76.0,23.0,6.0,28.0,178.0,188.0,Dark Brown,Died
645,Kenny_645,4.0,4.0,3.0,28.0,126.0,232.0,Dark Brown,Died
646,Kenny_646,18.0,46.0,4.0,27.0,145.0,213.0,Light Brown,Survived
647,Kenny_647,73.0,0.0,4.0,30.0,184.0,212.0,Dark Brown,Survived
648,Kenny_648,45.0,84.0,7.0,36.0,136.0,272.0,Dark Brown,Died
649,Kenny_649,47.0,56.0,6.0,27.0,156.0,259.0,Dark Brown,Died
650,Kenny_650,23.0,17.0,6.0,19.0,139.0,241.0,Dark Brown,Died
651,Kenny_651,41.0,99.0,5.0,33.0,153.0,189.0,Dark Brown,Died
652,Kenny_652,44.0,92.0,7.0,17.0,152.0,212.0,Light Brown,Died
653,Kenny_653,0.0,46.0,8.0,10.0,134.0,290.0,Light Brown,Died
654,Kenny_654,3.0,24.0,4.0,14.0,142.0,295.0,Light Brown,Died
655,Kenny_655,11.0,95.0,1.0,17.0,187.0,194.0,Dark Brown,Died
656,Kenny_656,93.0,81.0,3.0,28.0,125.0,238.0,Light Brown,Died
657,Kenny_657,78.0,61.0,2.0,14.0,143.0,240.0,Light Brown,Died
658,Kenny_658,41.0,94.0,4.0,24.0,131.0,194.0,Light Brown,Survived
659,Kenny_659,50.0,90.0,2.0,18.0,160.0,258.0,Dark Brown,Survived
660,Kenny_660,70.0,44.0,3.0,10.0,123.0,197.0,Dark Brown,Survived
661,Kenny_661,39.0,80.0,6.0,18.0,144.0,274.0,Light Brown,Died
662,Kenny_662,33.0,35.0,3.0,33.0,126.0,188.0,Dark Brown,Survived
663,Kenny_663,29.0,33.0,5.0,35.0,143.0,214.0,Dark Brown,Survived
664,Kenny_664,1.0,64.0,6.0,14.0,184.0,235.0,Dark Brown,Died
665,Kenny_665,81.0,3.0,8.0,30.0,178.0,229.0,Dark Brown,Died
666,Kenny_666,95.0,42.0,9.0,11.0,178.0,214.0,Dark Brown,Died
667,Kenny_667,80.0,8.0,3.0,14.0,141.0,254.0,Dark Brown,Died
668,Kenny_668,71.0,2.0,4.0,35.0,157.0,278.0,Dark Brown,Died
669,Kenny_669,21.0,2.0,9.0,17.0,165.0,201.0,Light Brown,Died
670,Kenny_670,45.0,97.0,9.0,24.0,176.0,280.0,Dark Brown,Died
671,Kenny_671,73.0,88.0,8.0,14.0,137.0,214.0,Light Brown,Died
672,Kenny_672,63.0,99.0,5.0,36.0,150.0,292.0,Dark Brown,Died
673,Kenny_673,17.0,44.0,6.0,10.0,146.0,291.0,Dark Brown,Survived
674,Kenny_674,74.0,8.0,7.0,16.0,165.0,283.0,Light Brown,Died
675,Kenny_675,54.0,85.0,9.0,31.0,179.0,276.0,Dark Brown,Died
676,Kenny_676,25.0,46.0,7.0,29.0,129.0,262.0,Light Brown,Survived
677,Kenny_677,74.0,54.0,2.0,32.0,166.0,178.0,Dark Brown,Survived
678,Kenny_678,62.0,22.0,5.0,15.0,186.0,290.0,Light Brown,Died
679,Kenny_679,58.0,49.0,8.0,20.0,144.0,221.0,Light Brown,Died
680,Kenny_680,55.0,91.0,5.0,25.0,181.0,217.0,Dark Brown,Died
681,Kenny_681,25.0,11.0,1.0,30.0,156.0,255.0,Dark Brown,Survived
682,Kenny_682,78.0,34.0,8.0,23.0,173.0,205.0,Light Brown,Died
683,Kenny_683,25.0,89.0,3.0,31.0,152.0,178.0,Dark Brown,Survived
684,Kenny_684,54.0,41.0,3.0,35.0,120.0,280.0,Light Brown,Survived
685,Kenny_685,14.0,54.0,7.0,25.0,149.0,195.0,Light Brown,Survived
686,Kenny_686,75.0,74.0,4.0,21.0,144.0,195.0,Light Brown,Died
687,Kenny_687,70.0,25.0,7.0,13.0,176.0,230.0,Dark Brown,Died
688,Kenny_688,26.0,51.0,5.0,23.0,168.0,296.0,Light Brown,Survived
689,Kenny_689,55.0,53.0,9.0,12.0,180.0,295.0,Dark Brown,Died
690,Kenny_690,10.0,86.0,2.0,12.0,172.0,194.0,Light Brown,Died
691,Kenny_691,89.0,86.0,1.0,36.0,148.0,222.0,Light Brown,Died
692,Kenny_692,46.0,7.0,9.0,27.0,123.0,177.0,Dark Brown,Died
693,Kenny_693,80.0,19.0,4.0,15.0,149.0,231.0,Dark Brown,Died
694,Kenny_694,43.0,1.0,9.0,34.0,153.0,183.0,Dark Brown,Died
695,Kenny_695,14.0,17.0,5.0,13.0,148.0,175.0,Dark Brown,Died
696,Kenny_696,26.0,65.0,8.0,23.0,126.0,269.0,Dark Brown,Survived
697,Kenny_697,44.0,83.0,6.0,11.0,167.0,273.0,Dark Brown,Died
698,Kenny_698,38.0,87.0,9.0,13.0,169.0,248.0,Dark Brown,Died
699,Kenny_699,82.0,84.0,8.0,36.0,131.0,273.0,Light Brown,Died
700,Kenny_700,9.0,19.0,8.0,31.0,169.0,223.0,Dark Brown,Survived
701,Kenny_701,57.0,97.0,8.0,24.0,167.0,201.0,Dark Brown,Died
702,Kenny_702,84.0,82.0,3.0,18.0,156.0,280.0,Light Brown,Died
703,Kenny_703,23.0,1.0,3.0,23.0,181.0,176.0,Dark Brown,Died
704,Kenny_704,6.0,72.0,1.0,28.0,132.0,296.0,Light Brown,Died
705,Kenny_705,17.0,55.0,3.0,31.0,126.0,236.0,Light Brown,Survived
706,Kenny_706,87.0,16.0,8.0,11.0,173.0,205.0,Dark Brown,Died
707,Kenny_707,93.0,7.0,1.0,31.0,126.0,227.0,Dark Brown,Died
708,Kenny_708,94.0,8.0,1.0,30.0,144.0,195.0,Dark Brown,Died
709,Kenny_709,51.0,75.0,7.0,21.0,178.0,214.0,Dark Brown,Died
710,Kenny_710,37.0,57.0,2.0,14.0,129.0,227.0,Light Brown,Survived
711,Kenny_711,90.0,44.0,6.0,35.0,147.0,235.0,Light Brown,Died
712,Kenny_712,63.0,39.0,5.0,30.0,178.0,278.0,Light Brown,Died
713,Kenny_713,59.0,56.0,1.0,37.0,155.0,224.0,Dark Brown,Survived
714,Kenny_714,8.0,75.0,6.0,11.0,179.0,281.0,Light Brown,Died
715,Kenny_715,8.0,20.0,9.0,28.0,160.0,261.0,Light Brown,Died
716,Kenny_716,53.0,40.0,6.0,22.0,145.0,198.0,Light Brown,Died
717,Kenny_717,89.0,75.0,7.0,18.0,165.0,278.0,Dark Brown,Died
718,Kenny_718,51.0,39.0,3.0,16.0,151.0,209.0,Light Brown,Survived
719,Kenny_719,88.0,12.0,1.0,19.0,176.0,232.0,Dark Brown,Died
720,Kenny_720,68.0,19.0,8.0,17.0,139.0,212.0,Dark Brown,Died
721,Kenny_721,2.0,14.0,8.0,16.0,186.0,250.0,Dark Brown,Died
722,Kenny_722,90.0,37.0,9.0,10.0,174.0,195.0,Light Brown,Died
723,Kenny_723,4.0,5.0,2.0,16.0,175.0,175.0,Dark Brown,Died
724,Kenny_724,37.0,35.0,1.0,33.0,166.0,176.0,Dark Brown,Survived
725,Kenny_725,42.0,61.0,6.0,17.0,157.0,270.0,Light Brown,Died
726,Kenny_726,84.0,57.0,6.0,25.0,149.0,216.0,Dark Brown,Died
727,Kenny_727,64.0,39.0,6.0,27.0,168.0,292.0,Dark Brown,Died
728,Kenny_728,7.0,44.0,5.0,39.0,128.0,252.0,Light Brown,Survived
729,Kenny_729,46.0,12.0,3.0,31.0,133.0,275.0,Dark Brown,Survived
730,Kenny_730,24.0,75.0,3.0,26.0,182.0,221.0,Dark Brown,Died
731,Kenny_731,74.0,75.0,3.0,31.0,120.0,189.0,Light Brown,Died
732,Kenny_732,20.0,94.0,8.0,33.0,128.0,196.0,Light Brown,Survived
733,Kenny_733,83.0,16.0,7.0,20.0,147.0,220.0,Light Brown,Survived
734,Kenny_734,14.0,6.0,5.0,29.0,150.0,257.0,Dark Brown,Died
735,Kenny_735,38.0,11.0,3.0,18.0,173.0,185.0,Dark Brown,Died
736,Kenny_736,56.0,49.0,8.0,12.0,161.0,255.0,Dark Brown,Died
737,Kenny_737,99.0,80.0,4.0,22.0,174.0,285.0,Light Brown,Died
738,Kenny_738,16.0,75.0,9.0,19.0,162.0,184.0,Light Brown,Died
739,Kenny_739,68.0,71.0,3.0,14.0,176.0,221.0,Light Brown,Died
740,Kenny_740,12.0,37.0,8.0,32.0,148.0,175.0,Dark Brown,Survived
741,Kenny_741,14.0,37.0,8.0,19.0,174.0,278.0,Light Brown,Survived
742,Kenny_742,78.0,37.0,9.0,33.0,162.0,186.0,Dark Brown,Died
743,Kenny_743,87.0,61.0,9.0,38.0,143.0,196.0,Light Brown,Died
744,Kenny_744,64.0,88.0,1.0,27.0,130.0,220.0,Dark Brown,Died
745,Kenny_745,39.0,42.0,7.0,37.0,128.0,288.0,Dark Brown,Died
746,Kenny_746,61.0,10.0,5.0,13.0,130.0,203.0,Light Brown,Survived
747,Kenny_747,99.0,46.0,7.0,28.0,157.0,273.0,Light Brown,Died
748,Kenny_748,81.0,25.0,8.0,39.0,165.0,245.0,Light Brown,Survived
749,Kenny_749,81.0,90.0,2.0,32.0,137.0,179.0,Light Brown,Died
750,Kenny_750,23.0,15.0,1.0,36.0,150.0,207.0,Dark Brown,Survived
751,Kenny_751,56.0,61.0,2.0,11.0,143.0,288.0,Dark Brown,Died
752,Kenny_752,16.0,19.0,1.0,17.0,188.0,200.0,Light Brown,Died
753,Kenny_753,54.0,66.0,6.0,19.0,174.0,222.0,Light Brown,Died
754,Kenny_754,17.0,40.0,2.0,30.0,167.0,230.0,Dark Brown,Survived
755,Kenny_755,92.0,32.0,5.0,31.0,128.0,266.0,Light Brown,Died
756,Kenny_756,15.0,80.0,8.0,14.0,187.0,286.0,Light Brown,Died
757,Kenny_757,40.0,97.0,7.0,28.0,140.0,206.0,Dark Brown,Died
758,Kenny_758,63.0,31.0,6.0,18.0,155.0,275.0,Dark Brown,Died
759,Kenny_759,95.0,75.0,6.0,18.0,157.0,198.0,Light Brown,Died
760,Kenny_760,44.0,2.0,9.0,19.0,172.0,176.0,Dark Brown,Died
761,Kenny_761,5.0,72.0,7.0,37.0,144.0,218.0,Light Brown,Survived
762,Kenny_762,99.0,49.0,7.0,28.0,120.0,198.0,Dark Brown,Died
763,Kenny_763,58.0,73.0,9.0,27.0,181.0,239.0,Light Brown,Died
764,Kenny_764,41.0,61.0,4.0,34.0,154.0,244.0,Light Brown,Survived
765,Kenny_765,3.0,96.0,5.0,20.0,148.0,231.0,Dark Brown,Died
766,Kenny_766,91.0,70.0,8.0,13.0,189.0,179.0,Dark Brown,Died
767,Kenny_767,84.0,48.0,3.0,22.0,155.0,228.0,Dark Brown,Survived
768,Kenny_768,9.0,74.0,7.0,21.0,132.0,232.0,Dark Brown,Died
769,Kenny_769,90.0,63.0,1.0,10.0,159.0,242.0,Dark Brown,Died
770,Kenny_770,49.0,64.0,4.0,18.0,183.0,188.0,Light Brown,Survived
771,Kenny_771,16.0,21.0,7.0,18.0,168.0,194.0,Light Brown,Survived
772,Kenny_772,21.0,3.0,7.0,33.0,134.0,196.0,Light Brown,Survived
773,Kenny_773,19.0,98.0,9.0,16.0,143.0,225.0,Light Brown,Died
774,Kenny_774,30.0,64.0,9.0,24.0,150.0,207.0,Dark Brown,Survived
775,Kenny_775,74.0,59.0,9.0,17.0,144.0,292.0,Dark Brown,Died
776,Kenny_776,80.0,95.0,7.0,34.0,181.0,250.0,Light Brown,Died
777,Kenny_777,12.0,59.0,6.0,30.0,147.0,212.0,Light Brown,Survived
778,Kenny_778,79.0,16.0,9.0,26.0,185.0,229.0,Light Brown,Survived
779,Kenny_779,92.0,99.0,9.0,26.0,136.0,272.0,Dark Brown,Died
780,Kenny_780,35.0,12.0,5.0,16.0,127.0,255.0,Light Brown,Died
781,Kenny_781,51.0,77.0,1.0,35.0,170.0,279.0,Light Brown,Survived
782,Kenny_782,10.0,29.0,7.0,34.0,189.0,258.0,Dark Brown,Survived
783,Kenny_783,44.0,6.0,8.0,16.0,184.0,235.0,Light Brown,Died
784,Kenny_784,54.0,41.0,4.0,11.0,180.0,203.0,Dark Brown,Survived
785,Kenny_785,12.0,44.0,1.0,35.0,129.0,180.0,Dark Brown,Survived
786,Kenny_786,4.0,74.0,2.0,23.0,155.0,175.0,Dark Brown,Died
787,Kenny_787,90.0,20.0,9.0,29.0,158.0,253.0,Dark Brown,Died
788,Kenny_788,32.0,85.0,3.0,15.0,177.0,255.0,Dark Brown,Died
789,Kenny_789,84.0,76.0,7.0,32.0,132.0,272.0,Dark Brown,Died
790,Kenny_790,3.0,36.0,6.0,21.0,150.0,240.0,Light Brown,Died
791,Kenny_791,42.0,56.0,5.0,33.0,180.0,204.0,Dark Brown,Died
792,Kenny_792,23.0,61.0,8.0,31.0,151.0,212.0,Dark Brown,Survived
793,Kenny_793,59.0,11.0,2.0,10.0,136.0,190.0,Dark Brown,Survived
794,Kenny_794,95.0,80.0,4.0,30.0,126.0,217.0,Light Brown,Died
795,Kenny_795,80.0,84.0,5.0,23.0,162.0,178.0,Dark Brown,Died
796,Kenny_796,59.0,44.0,5.0,36.0,172.0,258.0,Dark Brown,Died
797,Kenny_797,64.0,7.0,7.0,34.0,177.0,215.0,Light Brown,Survived
798,Kenny_798,81.0,51.0,2.0,37.0,145.0,292.0,Dark Brown,Survived
799,Kenny_799,88.0,9.0,5.0,37.0,134.0,229.0,Light Brown,Survived
800,Kenny_800,70.0,50.0,5.0,10.0,166.0,208.0,Light Brown,Died
801,Kenny_801,60.0,21.0,4.0,10.0,171.0,295.0,Light Brown,Died
802,Kenny_802,4.0,68.0,6.0,27.0,153.0,247.0,Dark Brown,Died
803,Kenny_803,80.0,5.0,7.0,29.0,124.0,249.0,Dark Brown,Died
804,Kenny_804,7.0,2.0,7.0,14.0,125.0,251.0,Dark Brown,Died
805,Kenny_805,27.0,29.0,3.0,19.0,167.0,187.0,Dark Brown,Survived
806,Kenny_806,61.0,93.0,6.0,19.0,168.0,180.0,Light Brown,Died
807,Kenny_807,7.0,4.0,8.0,37.0,150.0,254.0,Light Brown,Survived
808,Kenny_808,32.0,22.0,3.0,34.0,152.0,179.0,Light Brown,Survived
809,Kenny_809,19.0,98.0,1.0,13.0,129.0,239.0,Light Brown,Died
810,Kenny_810,88.0,94.0,4.0,37.0,167.0,178.0,Light Brown,Died
811,Kenny_811,23.0,21.0,3.0,27.0,121.0,183.0,Dark Brown,Survived
812,Kenny_812,6.0,60.0,8.0,39.0,167.0,283.0,Dark Brown,Survived
813,Kenny_813,63.0,92.0,7.0,20.0,128.0,216.0,Light Brown,Died
814,Kenny_814,27.0,91.0,8.0,13.0,134.0,286.0,Dark Brown,Died
815,Kenny_815,2.0,23.0,8.0,29.0,164.0,251.0,Light Brown,Died
816,Kenny_816,21.0,24.0,2.0,12.0,143.0,230.0,Dark Brown,Survived
817,Kenny_817,14.0,5.0,6.0,24.0,180.0,226.0,Dark Brown,Died
818,Kenny_818,36.0,38.0,4.0,26.0,161.0,270.0,Dark Brown,Survived
819,Kenny_819,12.0,41.0,5.0,38.0,138.0,227.0,Light Brown,Survived
820,Kenny_820,24.0,81.0,7.0,28.0,125.0,270.0,Dark Brown,Died
821,Kenny_821,77.0,43.0,5.0,28.0,166.0,273.0,Dark Brown,Died
822,Kenny_822,98.0,17.0,6.0,20.0,185.0,264.0,Dark Brown,Died
823,Kenny_823,50.0,85.0,3.0,28.0,142.0,181.0,Light Brown,Survived
824,Kenny_824,32.0,30.0,2.0,26.0,183.0,218.0,Light Brown,Survived
825,Kenny_825,0.0,86.0,1.0,33.0,121.0,274.0,Dark Brown,Survived
826,Kenny_826,89.0,93.0,2.0,11.0,134.0,231.0,Dark Brown,Died
827,Kenny_827,98.0,81.0,9.0,26.0,137.0,185.0,Dark Brown,Died
828,Kenny_828,4.0,37.0,6.0,17.0,128.0,267.0,Dark Brown,Died
829,Kenny_829,24.0,22.0,7.0,12.0,141.0,218.0,Light Brown,Survived
830,Kenny_830,69.0,24.0,6.0,27.0,183.0,240.0,Light Brown,Died
831,Kenny_831,49.0,36.0,9.0,10.0,133.0,252.0,Light Brown,Died
832,Kenny_832,68.0,74.0,6.0,39.0,160.0,204.0,Light Brown,Died
833,Kenny_833,44.0,17.0,5.0,36.0,142.0,285.0,Light Brown,Survived
834,Kenny_834,79.0,9.0,5.0,26.0,159.0,234.0,Dark Brown,Died
835,Kenny_835,15.0,60.0,5.0,14.0,138.0,204.0,Light Brown,Survived
836,Kenny_836,23.0,19.0,5.0,38.0,171.0,258.0,Light Brown,Survived
837,Kenny_837,87.0,35.0,8.0,24.0,141.0,238.0,Dark Brown,Died
838,Kenny_838,67.0,86.0,9.0,39.0,163.0,197.0,Dark Brown,Died
839,Kenny_839,81.0,34.0,9.0,12.0,152.0,278.0,Dark Brown,Died
840,Kenny_840,79.0,46.0,6.0,11.0,169.0,195.0,Dark Brown,Died
841,Kenny_841,93.0,38.0,1.0,38.0,134.0,260.0,Dark Brown,Survived
842,Kenny_842,53.0,62.0,3.0,37.0,168.0,257.0,Light Brown,Survived
843,Kenny_843,81.0,14.0,9.0,33.0,141.0,194.0,Light Brown,Survived
844,Kenny_844,26.0,88.0,8.0,28.0,169.0,225.0,Light Brown,Died
845,Kenny_845,30.0,46.0,9.0,28.0,130.0,177.0,Light Brown,Survived
846,Kenny_846,49.0,20.0,2.0,20.0,187.0,288.0,Dark Brown,Survived
847,Kenny_847,55.0,0.0,7.0,13.0,122.0,257.0,Dark Brown,Died
848,Kenny_848,75.0,21.0,5.0,28.0,160.0,206.0,Light Brown,Died
849,Kenny_849,60.0,41.0,1.0,26.0,138.0,270.0,Light Brown,Died
850,Kenny_850,36.0,6.0,9.0,32.0,172.0,294.0,Dark Brown,Died
851,Kenny_851,95.0,22.0,2.0,18.0,151.0,270.0,Light Brown,Survived
852,Kenny_852,35.0,44.0,2.0,37.0,138.0,253.0,Dark Brown,Survived
853,Kenny_853,54.0,34.0,4.0,24.0,150.0,269.0,Dark Brown,Survived
854,Kenny_854,24.0,14.0,5.0,32.0,152.0,284.0,Light Brown,Survived
855,Kenny_855,79.0,85.0,8.0,38.0,151.0,191.0,Light Brown,Died
856,Kenny_856,22.0,9.0,4.0,35.0,170.0,290.0,Light Brown,Survived
857,Kenny_857,88.0,92.0,4.0,33.0,128.0,213.0,Light Brown,Died
858,Kenny_858,82.0,71.0,2.0,10.0,126.0,251.0,Light Brown,Died
859,Kenny_859,68.0,48.0,7.0,23.0,174.0,207.0,Light Brown,Died
860,Kenny_860,26.0,49.0,7.0,18.0,186.0,195.0,Light Brown,Survived
861,Kenny_861,0.0,38.0,3.0,11.0,175.0,246.0,Light Brown,Died
862,Kenny_862,29.0,2.0,1.0,10.0,156.0,227.0,Dark Brown,Died
863,Kenny_863,78.0,78.0,3.0,39.0,160.0,298.0,Light Brown,Died
864,Kenny_864,63.0,37.0,6.0,11.0,154.0,190.0,Light Brown,Died
865,Kenny_865,36.0,66.0,4.0,13.0,164.0,257.0,Dark Brown,Survived
866,Kenny_866,32.0,29.0,1.0,16.0,149.0,175.0,Dark Brown,Survived
867,Kenny_867,66.0,53.0,6.0,15.0,142.0,285.0,Dark Brown,Died
868,Kenny_868,67.0,39.0,7.0,17.0,164.0,236.0,Light Brown,Died
869,Kenny_869,27.0,52.0,7.0,24.0,171.0,297.0,Dark Brown,Survived
870,Kenny_870,84.0,26.0,9.0,11.0,147.0,220.0,Light Brown,Survived
871,Kenny_871,59.0,4.0,1.0,22.0,151.0,268.0,Light Brown,Died
872,Kenny_872,39.0,33.0,6.0,31.0,134.0,274.0,Dark Brown,Died
873,Kenny_873,29.0,87.0,1.0,38.0,133.0,277.0,Dark Brown,Survived
874,Kenny_874,5.0,53.0,2.0,39.0,135.0,298.0,Dark Brown,Survived
875,Kenny_875,57.0,40.0,8.0,19.0,178.0,217.0,Dark Brown,Died
876,Kenny_876,66.0,51.0,2.0,35.0,126.0,212.0,Light Brown,Survived
877,Kenny_877,55.0,92.0,7.0,35.0,158.0,276.0,Light Brown,Died
878,Kenny_878,94.0,96.0,1.0,15.0,141.0,196.0,Dark Brown,Died
879,Kenny_879,79.0,20.0,8.0,12.0,126.0,249.0,Light Brown,Died
880,Kenny_880,34.0,2.0,1.0,39.0,150.0,207.0,Light Brown,Survived
881,Kenny_881,34.0,55.0,9.0,27.0,182.0,275.0,Dark Brown,Survived
882,Kenny_882,70.0,19.0,9.0,17.0,187.0,228.0,Light Brown,Survived
883,Kenny_883,60.0,71.0,8.0,14.0,179.0,282.0,Dark Brown,Died
884,Kenny_884,24.0,58.0,9.0,12.0,148.0,190.0,Dark Brown,Survived
885,Kenny_885,86.0,59.0,3.0,27.0,160.0,265.0,Light Brown,Survived
886,Kenny_886,19.0,77.0,4.0,18.0,159.0,287.0,Dark Brown,Died
887,Kenny_887,80.0,51.0,4.0,38.0,133.0,293.0,Light Brown,Survived
888,Kenny_888,50.0,26.0,6.0,32.0,181.0,259.0,Dark Brown,Died
889,Kenny_889,8.0,60.0,6.0,13.0,158.0,278.0,Light Brown,Died
890,Kenny_890,19.0,34.0,3.0,36.0,135.0,178.0,Light Brown,Survived
891,Kenny_891,26.0,2.0,6.0,11.0,160.0,226.0,Dark Brown,Died
892,Kenny_892,36.0,42.0,7.0,33.0,179.0,222.0,Dark Brown,Died
893,Kenny_893,84.0,15.0,3.0,12.0,127.0,177.0,Light Brown,Survived
894,Kenny_894,31.0,93.0,9.0,31.0,121.0,207.0,Light Brown,Survived
895,Kenny_895,64.0,87.0,8.0,19.0,188.0,295.0,Light Brown,Died
896,Kenny_896,84.0,55.0,8.0,29.0,160.0,234.0,Dark Brown,Died
897,Kenny_897,37.0,15.0,3.0,35.0,132.0,286.0,Light Brown,Survived
898,Kenny_898,43.0,22.0,2.0,12.0,142.0,189.0,Dark Brown,Survived
899,Kenny_899,60.0,8.0,2.0,19.0,154.0,289.0,Dark Brown,Died
900,Kenny_900,95.0,16.0,7.0,30.0,186.0,200.0,Light Brown,Survived
901,Kenny_901,0.0,22.0,2.0,33.0,146.0,245.0,Dark Brown,Survived
902,Kenny_902,22.0,46.0,3.0,24.0,154.0,266.0,Light Brown,Survived
903,Kenny_903,88.0,48.0,6.0,19.0,164.0,201.0,Dark Brown,Died
904,Kenny_904,82.0,14.0,7.0,30.0,185.0,191.0,Light Brown,Survived
905,Kenny_905,4.0,51.0,7.0,11.0,128.0,177.0,Dark Brown,Died
906,Kenny_906,95.0,54.0,7.0,31.0,172.0,259.0,Dark Brown,Died
907,Kenny_907,20.0,22.0,4.0,32.0,174.0,258.0,Dark Brown,Survived
908,Kenny_908,47.0,85.0,9.0,37.0,136.0,294.0,Dark Brown,Died
909,Kenny_909,0.0,88.0,7.0,18.0,164.0,282.0,Dark Brown,Died
910,Kenny_910,58.0,33.0,8.0,21.0,155.0,256.0,Light Brown,Died
911,Kenny_911,27.0,74.0,5.0,11.0,166.0,281.0,Dark Brown,Died
912,Kenny_912,27.0,95.0,5.0,32.0,125.0,214.0,Light Brown,Survived
913,Kenny_913,19.0,53.0,3.0,30.0,135.0,266.0,Light Brown,Survived
914,Kenny_914,71.0,34.0,2.0,37.0,168.0,293.0,Light Brown,Died
915,Kenny_915,58.0,10.0,1.0,11.0,184.0,178.0,Light Brown,Survived
916,Kenny_916,76.0,98.0,6.0,36.0,158.0,191.0,Dark Brown,Died
917,Kenny_917,56.0,48.0,6.0,30.0,154.0,262.0,Light Brown,Died
918,Kenny_918,52.0,97.0,9.0,10.0,122.0,263.0,Dark Brown,Died
919,Kenny_919,3.0,75.0,8.0,34.0,161.0,271.0,Dark Brown,Survived
920,Kenny_920,36.0,89.0,3.0,12.0,122.0,231.0,Dark Brown,Survived
921,Kenny_921,31.0,52.0,5.0,27.0,148.0,213.0,Dark Brown,Survived
922,Kenny_922,89.0,86.0,4.0,17.0,140.0,198.0,Dark Brown,Died
923,Kenny_923,85.0,16.0,8.0,26.0,132.0,259.0,Dark Brown,Died
924,Kenny_924,75.0,41.0,3.0,33.0,145.0,257.0,Light Brown,Died
925,Kenny_925,90.0,75.0,4.0,30.0,150.0,245.0,Dark Brown,Died
926,Kenny_926,20.0,31.0,8.0,20.0,154.0,206.0,Light Brown,Survived
927,Kenny_927,29.0,7.0,4.0,32.0,151.0,194.0,Dark Brown,Survived
928,Kenny_928,72.0,7.0,1.0,35.0,152.0,208.0,Dark Brown,Survived
929,Kenny_929,8.0,41.0,1.0,31.0,126.0,224.0,Light Brown,Survived
930,Kenny_930,95.0,80.0,8.0,12.0,135.0,229.0,Dark Brown,Died
931,Kenny_931,97.0,1.0,1.0,29.0,151.0,216.0,Light Brown,Survived
932,Kenny_932,96.0,17.0,1.0,30.0,182.0,217.0,Light Brown,Survived
933,Kenny_933,39.0,0.0,8.0,10.0,169.0,283.0,Dark Brown,Died
934,Kenny_934,40.0,17.0,2.0,15.0,123.0,282.0,Dark Brown,Died
935,Kenny_935,63.0,42.0,7.0,39.0,140.0,274.0,Dark Brown,Died
936,Kenny_936,75.0,14.0,5.0,28.0,161.0,209.0,Dark Brown,Died
937,Kenny_937,31.0,55.0,2.0,26.0,185.0,224.0,Dark Brown,Survived
938,Kenny_938,82.0,39.0,8.0,38.0,133.0,243.0,Light Brown,Died
939,Kenny_939,30.0,86.0,8.0,19.0,120.0,253.0,Light Brown,Died
940,Kenny_940,60.0,94.0,3.0,30.0,157.0,212.0,Dark Brown,Died
941,Kenny_941,26.0,78.0,4.0,10.0,148.0,220.0,Dark Brown,Died
942,Kenny_942,51.0,43.0,8.0,18.0,159.0,194.0,Light Brown,Died
943,Kenny_943,88.0,82.0,8.0,29.0,126.0,267.0,Dark Brown,Died
944,Kenny_944,8.0,38.0,6.0,32.0,149.0,258.0,Light Brown,Survived
945,Kenny_945,44.0,50.0,7.0,18.0,185.0,259.0,Light Brown,Died
946,Kenny_946,94.0,12.0,2.0,31.0,136.0,198.0,Dark Brown,Died
947,Kenny_947,54.0,8.0,3.0,17.0,139.0,292.0,Light Brown,Died
948,Kenny_948,95.0,91.0,7.0,17.0,143.0,257.0,Dark Brown,Died
949,Kenny_949,20.0,79.0,9.0,31.0,137.0,256.0,Dark Brown,Survived
950,Kenny_950,35.0,57.0,2.0,37.0,133.0,260.0,Light Brown,Survived
951,Kenny_951,6.0,96.0,4.0,37.0,144.0,189.0,Dark Brown,Survived
952,Kenny_952,80.0,72.0,5.0,29.0,172.0,266.0,Light Brown,Died
953,Kenny_953,77.0,14.0,8.0,26.0,174.0,178.0,Dark Brown,Died
954,Kenny_954,66.0,13.0,7.0,13.0,131.0,219.0,Light Brown,Survived
955,Kenny_955,63.0,66.0,6.0,34.0,166.0,226.0,Light Brown,Died
956,Kenny_956,44.0,14.0,3.0,24.0,170.0,183.0,Dark Brown,Died
957,Kenny_957,92.0,29.0,3.0,26.0,176.0,215.0,Dark Brown,Died
958,Kenny_958,15.0,29.0,3.0,16.0,125.0,273.0,Light Brown,Survived
959,Kenny_959,48.0,98.0,7.0,21.0,165.0,201.0,Light Brown,Died
960,Kenny_960,40.0,27.0,8.0,24.0,120.0,293.0,Light Brown,Died
961,Kenny_961,11.0,86.0,5.0,29.0,170.0,236.0,Light Brown,Died
962,Kenny_962,86.0,66.0,1.0,27.0,131.0,211.0,Light Brown,Died
963,Kenny_963,76.0,34.0,9.0,10.0,143.0,287.0,Dark Brown,Died
964,Kenny_964,29.0,69.0,1.0,34.0,136.0,257.0,Light Brown,Survived
965,Kenny_965,94.0,72.0,5.0,35.0,173.0,179.0,Light Brown,Died
966,Kenny_966,8.0,1.0,1.0,14.0,142.0,260.0,Light Brown,Died
967,Kenny_967,36.0,94.0,9.0,16.0,134.0,265.0,Dark Brown,Died
968,Kenny_968,50.0,9.0,2.0,21.0,143.0,230.0,Light Brown,Died
969,Kenny_969,61.0,64.0,8.0,26.0,161.0,232.0,Dark Brown,Died
970,Kenny_970,45.0,11.0,6.0,35.0,140.0,231.0,Light Brown,Survived
971,Kenny_971,88.0,30.0,6.0,36.0,157.0,228.0,Dark Brown,Died
972,Kenny_972,99.0,7.0,7.0,25.0,148.0,287.0,Dark Brown,Died
973,Kenny_973,80.0,24.0,4.0,31.0,121.0,244.0,Light Brown,Survived
974,Kenny_974,3.0,36.0,9.0,24.0,126.0,220.0,Light Brown,Died
975,Kenny_975,94.0,32.0,9.0,38.0,139.0,276.0,Dark Brown,Died
976,Kenny_976,80.0,47.0,8.0,17.0,125.0,199.0,Dark Brown,Died
977,Kenny_977,7.0,63.0,5.0,37.0,184.0,235.0,Dark Brown,Survived
978,Kenny_978,60.0,54.0,5.0,14.0,184.0,270.0,Dark Brown,Died
979,Kenny_979,24.0,40.0,5.0,20.0,166.0,181.0,Light Brown,Survived
980,Kenny_980,90.0,63.0,7.0,14.0,181.0,260.0,Dark Brown,Died
981,Kenny_981,31.0,79.0,9.0,18.0,169.0,275.0,Dark Brown,Died
982,Kenny_982,92.0,57.0,1.0,25.0,153.0,297.0,Dark Brown,Survived
983,Kenny_983,40.0,46.0,3.0,22.0,136.0,276.0,Dark Brown,Survived
984,Kenny_984,89.0,36.0,9.0,38.0,181.0,221.0,Dark Brown,Died
985,Kenny_985,49.0,6.0,7.0,22.0,172.0,194.0,Dark Brown,Died
986,Kenny_986,55.0,75.0,4.0,35.0,161.0,179.0,Light Brown,Died
987,Kenny_987,9.0,19.0,5.0,12.0,165.0,248.0,Light Brown,Died
988,Kenny_988,33.0,26.0,6.0,22.0,167.0,213.0,Light Brown,Survived
989,Kenny_989,74.0,28.0,3.0,38.0,136.0,196.0,Light Brown,Survived
990,Kenny_990,15.0,51.0,5.0,23.0,129.0,226.0,Light Brown,Survived
991,Kenny_991,77.0,45.0,6.0,11.0,134.0,204.0,Dark Brown,Died
992,Kenny_992,79.0,10.0,4.0,37.0,181.0,210.0,Dark Brown,Survived
993,Kenny_993,98.0,77.0,4.0,28.0,155.0,279.0,Light Brown,Died
994,Kenny_994,30.0,60.0,2.0,19.0,143.0,228.0,Light Brown,Survived
995,Kenny_995,85.0,67.0,7.0,11.0,134.0,199.0,Light Brown,Died
996,Kenny_996,41.0,74.0,3.0,19.0,188.0,188.0,Dark Brown,Survived
997,Kenny_997,30.0,62.0,4.0,31.0,128.0,216.0,Light Brown,Survived
998,Kenny_998,31.0,96.0,3.0,22.0,125.0,194.0,Light Brown,Died
999,Kenny_999,84.0,50.0,9.0,39.0,159.0,237.0,Light Brown,Died
